GeogLevel,Code,Areaname,LAcode,LAname,obese4_5,obese10_11,weight4_5,weight10_11,TWI,NWI,NIBHC,NIAHC
MSOA,E02000001,City of London 001,E09000001,City of London,0.111 ,0.232 ,0.148 ,0.339 ,1250,900,880,760
MSOA,E02000002,Barking and Dagenham 001,E09000002,Barking and Dagenham,0.134 ,0.240 ,0.242 ,0.421 ,660,570,500,420
MSOA,E02000003,Barking and Dagenham 002,E09000002,Barking and Dagenham,0.122 ,0.240 ,0.237 ,0.422 ,750,600,550,470
MSOA,E02000004,Barking and Dagenham 003,E09000002,Barking and Dagenham,0.144 ,0.210 ,0.274 ,0.370 ,780,590,530,470
MSOA,E02000005,Barking and Dagenham 004,E09000002,Barking and Dagenham,0.112 ,0.242 ,0.227 ,0.397 ,680,550,490,430
MSOA,E02000007,Barking and Dagenham 006,E09000002,Barking and Dagenham,0.161 ,0.257 ,0.277 ,0.422 ,620,520,490,400
MSOA,E02000008,Barking and Dagenham 007,E09000002,Barking and Dagenham,0.139 ,0.273 ,0.262 ,0.423 ,630,550,470,400
MSOA,E02000009,Barking and Dagenham 008,E09000002,Barking and Dagenham,0.131 ,0.299 ,0.255 ,0.448 ,690,560,500,410
MSOA,E02000010,Barking and Dagenham 009,E09000002,Barking and Dagenham,0.100 ,0.251 ,0.221 ,0.411 ,710,560,480,400
MSOA,E02000011,Barking and Dagenham 010,E09000002,Barking and Dagenham,0.115 ,0.251 ,0.227 ,0.443 ,720,590,510,450
MSOA,E02000012,Barking and Dagenham 011,E09000002,Barking and Dagenham,0.111 ,0.254 ,0.224 ,0.412 ,850,650,560,490
MSOA,E02000013,Barking and Dagenham 012,E09000002,Barking and Dagenham,0.121 ,0.234 ,0.255 ,0.395 ,710,570,480,420
MSOA,E02000014,Barking and Dagenham 013,E09000002,Barking and Dagenham,0.167 ,0.248 ,0.283 ,0.366 ,660,540,480,400
MSOA,E02000015,Barking and Dagenham 014,E09000002,Barking and Dagenham,0.133 ,0.268 ,0.252 ,0.390 ,620,530,480,370
MSOA,E02000016,Barking and Dagenham 015,E09000002,Barking and Dagenham,0.144 ,0.240 ,0.271 ,0.395 ,650,560,530,350
MSOA,E02000017,Barking and Dagenham 016,E09000002,Barking and Dagenham,0.108 ,0.247 ,0.240 ,0.396 ,800,600,550,440
MSOA,E02000018,Barking and Dagenham 017,E09000002,Barking and Dagenham,0.123 ,0.266 ,0.301 ,0.434 ,640,520,460,390
MSOA,E02000019,Barking and Dagenham 018,E09000002,Barking and Dagenham,0.150 ,0.271 ,0.285 ,0.434 ,740,560,500,420
MSOA,E02000020,Barking and Dagenham 019,E09000002,Barking and Dagenham,0.144 ,0.265 ,0.261 ,0.410 ,650,540,480,400
MSOA,E02000021,Barking and Dagenham 020,E09000002,Barking and Dagenham,0.177 ,0.332 ,0.304 ,0.458 ,680,550,490,420
MSOA,E02000022,Barking and Dagenham 021,E09000002,Barking and Dagenham,0.172 ,0.296 ,0.310 ,0.447 ,570,510,470,320
MSOA,E02000023,Barking and Dagenham 022,E09000002,Barking and Dagenham,0.157 ,0.273 ,0.293 ,0.422 ,600,500,470,360
MSOA,E02006799,Barking and Dagenham 023,E09000002,Barking and Dagenham,0.119 ,0.247 ,0.254 ,0.421 ,680,550,470,400
MSOA,E02000024,Barnet 001,E09000003,Barnet,0.047 ,0.125 ,0.171 ,0.268 ,1130,770,740,640
MSOA,E02000025,Barnet 002,E09000003,Barnet,0.091 ,0.246 ,0.212 ,0.368 ,990,730,730,620
MSOA,E02000026,Barnet 003,E09000003,Barnet,0.110 ,0.185 ,0.262 ,0.318 ,1040,720,700,600
MSOA,E02000027,Barnet 004,E09000003,Barnet,0.084 ,0.189 ,0.213 ,0.309 ,820,650,600,520
MSOA,E02000028,Barnet 005,E09000003,Barnet,0.068 ,0.161 ,0.147 ,0.349 ,1170,810,800,660
MSOA,E02000029,Barnet 006,E09000003,Barnet,0.087 ,0.230 ,0.228 ,0.374 ,930,710,660,550
MSOA,E02000030,Barnet 007,E09000003,Barnet,0.061 ,0.217 ,0.177 ,0.326 ,1110,780,830,660
MSOA,E02000031,Barnet 008,E09000003,Barnet,0.112 ,0.199 ,0.228 ,0.366 ,1080,760,790,660
MSOA,E02000032,Barnet 009,E09000003,Barnet,0.091 ,0.136 ,0.193 ,0.272 ,1070,740,670,630
MSOA,E02000033,Barnet 010,E09000003,Barnet,0.123 ,0.198 ,0.245 ,0.354 ,900,680,630,540
MSOA,E02000034,Barnet 011,E09000003,Barnet,0.068 ,0.188 ,0.216 ,0.344 ,960,720,710,570
MSOA,E02000035,Barnet 012,E09000003,Barnet,0.102 ,0.190 ,0.221 ,0.335 ,1000,770,730,600
MSOA,E02000036,Barnet 013,E09000003,Barnet,0.128 ,0.235 ,0.295 ,0.390 ,960,740,670,570
MSOA,E02000037,Barnet 014,E09000003,Barnet,0.103 ,0.146 ,0.222 ,0.300 ,1040,820,780,630
MSOA,E02000038,Barnet 015,E09000003,Barnet,0.113 ,0.182 ,0.182 ,0.364 ,1020,740,720,580
MSOA,E02000039,Barnet 016,E09000003,Barnet,0.081 ,0.183 ,0.216 ,0.317 ,1180,810,770,660
MSOA,E02000040,Barnet 017,E09000003,Barnet,0.129 ,0.169 ,0.274 ,0.333 ,950,690,680,550
MSOA,E02000041,Barnet 018,E09000003,Barnet,0.108 ,0.203 ,0.244 ,0.358 ,960,710,670,560
MSOA,E02000042,Barnet 019,E09000003,Barnet,0.104 ,0.182 ,0.211 ,0.318 ,1000,770,690,590
MSOA,E02000043,Barnet 020,E09000003,Barnet,0.052 ,0.121 ,0.183 ,0.221 ,1360,1020,920,810
MSOA,E02000044,Barnet 021,E09000003,Barnet,0.128 ,0.211 ,0.253 ,0.354 ,910,710,620,500
MSOA,E02000045,Barnet 022,E09000003,Barnet,0.109 ,0.212 ,0.237 ,0.388 ,900,690,650,520
MSOA,E02000046,Barnet 023,E09000003,Barnet,0.065 ,0.134 ,0.186 ,0.246 ,1100,800,760,590
MSOA,E02000047,Barnet 024,E09000003,Barnet,0.120 ,0.251 ,0.259 ,0.391 ,750,590,520,420
MSOA,E02000048,Barnet 025,E09000003,Barnet,0.085 ,0.143 ,0.206 ,0.295 ,1090,790,760,630
MSOA,E02000049,Barnet 026,E09000003,Barnet,0.135 ,0.284 ,0.268 ,0.429 ,690,610,510,380
MSOA,E02000050,Barnet 027,E09000003,Barnet,0.092 ,0.200 ,0.182 ,0.323 ,990,730,680,550
MSOA,E02000051,Barnet 028,E09000003,Barnet,0.090 ,0.131 ,0.213 ,0.262 ,1040,790,810,610
MSOA,E02000052,Barnet 029,E09000003,Barnet,0.065 ,0.167 ,0.172 ,0.305 ,1120,840,760,650
MSOA,E02000053,Barnet 030,E09000003,Barnet,0.110 ,0.237 ,0.258 ,0.364 ,860,690,640,490
MSOA,E02000054,Barnet 031,E09000003,Barnet,0.094 ,0.229 ,0.183 ,0.354 ,1050,740,750,560
MSOA,E02000055,Barnet 032,E09000003,Barnet,0.058 ,0.172 ,0.119 ,0.348 ,930,740,740,540
MSOA,E02000056,Barnet 033,E09000003,Barnet,0.059 ,0.113 ,0.194 ,0.275 ,1290,930,800,740
MSOA,E02000057,Barnet 034,E09000003,Barnet,0.080 ,0.154 ,0.196 ,0.341 ,1090,800,740,600
MSOA,E02000058,Barnet 035,E09000003,Barnet,0.058 ,0.148 ,0.192 ,0.271 ,1180,840,790,670
MSOA,E02000059,Barnet 036,E09000003,Barnet,0.100 ,0.187 ,0.217 ,0.374 ,780,650,570,450
MSOA,E02000060,Barnet 037,E09000003,Barnet,0.087 ,0.147 ,0.193 ,0.321 ,1020,820,710,580
MSOA,E02000061,Barnet 038,E09000003,Barnet,0.086 ,0.085 ,0.164 ,0.213 ,1230,870,850,690
MSOA,E02000062,Barnet 039,E09000003,Barnet,0.122 ,0.199 ,0.215 ,0.387 ,860,600,560,440
MSOA,E02000063,Barnet 040,E09000003,Barnet,0.120 ,0.191 ,0.244 ,0.301 ,950,670,620,530
MSOA,E02000064,Barnet 041,E09000003,Barnet,0.153 ,0.180 ,0.263 ,0.393 ,870,670,690,500
MSOA,E02000065,Bexley 001,E09000004,Bexley,0.180 ,0.276 ,0.331 ,0.462 ,800,600,560,460
MSOA,E02000066,Bexley 002,E09000004,Bexley,0.133 ,0.265 ,0.300 ,0.438 ,700,590,540,430
MSOA,E02000067,Bexley 003,E09000004,Bexley,0.113 ,0.266 ,0.267 ,0.382 ,760,600,550,460
MSOA,E02000068,Bexley 004,E09000004,Bexley,0.135 ,0.290 ,0.305 ,0.451 ,730,610,550,450
MSOA,E02000069,Bexley 005,E09000004,Bexley,0.132 ,0.341 ,0.333 ,0.434 ,810,620,580,510
MSOA,E02000070,Bexley 006,E09000004,Bexley,0.162 ,0.223 ,0.305 ,0.433 ,890,680,610,580
MSOA,E02000071,Bexley 007,E09000004,Bexley,0.094 ,0.249 ,0.238 ,0.408 ,920,650,590,540
MSOA,E02000072,Bexley 008,E09000004,Bexley,0.151 ,0.231 ,0.312 ,0.386 ,680,560,520,440
MSOA,E02000073,Bexley 009,E09000004,Bexley,0.094 ,0.231 ,0.225 ,0.363 ,990,710,610,610
MSOA,E02000074,Bexley 010,E09000004,Bexley,0.103 ,0.282 ,0.284 ,0.443 ,730,600,530,480
MSOA,E02000075,Bexley 011,E09000004,Bexley,0.061 ,0.190 ,0.174 ,0.338 ,1000,720,640,620
MSOA,E02000077,Bexley 013,E09000004,Bexley,0.097 ,0.230 ,0.266 ,0.375 ,900,670,570,540
MSOA,E02000078,Bexley 014,E09000004,Bexley,0.090 ,0.218 ,0.282 ,0.399 ,1010,720,630,620
MSOA,E02000079,Bexley 015,E09000004,Bexley,0.098 ,0.127 ,0.223 ,0.289 ,960,670,650,590
MSOA,E02000080,Bexley 016,E09000004,Bexley,0.122 ,0.257 ,0.270 ,0.424 ,890,650,600,570
MSOA,E02000081,Bexley 017,E09000004,Bexley,0.102 ,0.274 ,0.254 ,0.439 ,890,680,610,570
MSOA,E02000082,Bexley 018,E09000004,Bexley,0.088 ,0.221 ,0.235 ,0.425 ,1000,690,620,610
MSOA,E02000083,Bexley 019,E09000004,Bexley,0.103 ,0.184 ,0.254 ,0.368 ,810,620,570,530
MSOA,E02000084,Bexley 020,E09000004,Bexley,0.093 ,0.156 ,0.206 ,0.300 ,1010,730,670,630
MSOA,E02000085,Bexley 021,E09000004,Bexley,0.121 ,0.197 ,0.296 ,0.359 ,930,700,600,560
MSOA,E02000086,Bexley 022,E09000004,Bexley,0.076 ,0.205 ,0.218 ,0.316 ,1050,740,680,650
MSOA,E02000087,Bexley 023,E09000004,Bexley,0.090 ,0.143 ,0.236 ,0.305 ,1080,750,730,690
MSOA,E02000088,Bexley 024,E09000004,Bexley,0.100 ,0.209 ,0.212 ,0.391 ,1040,740,650,650
MSOA,E02000089,Bexley 025,E09000004,Bexley,0.082 ,0.180 ,0.205 ,0.326 ,1030,710,620,600
MSOA,E02000090,Bexley 026,E09000004,Bexley,0.108 ,0.158 ,0.225 ,0.322 ,860,640,640,570
MSOA,E02000091,Bexley 027,E09000004,Bexley,0.097 ,0.208 ,0.220 ,0.362 ,920,690,680,590
MSOA,E02000092,Bexley 028,E09000004,Bexley,0.167 ,0.282 ,0.326 ,0.446 ,790,650,590,510
MSOA,E02006785,Bexley 029,E09000004,Bexley,0.113 ,0.243 ,0.222 ,0.376 ,850,650,580,550
MSOA,E02000093,Brent 001,E09000005,Brent,0.097 ,0.207 ,0.192 ,0.395 ,890,680,570,490
MSOA,E02000094,Brent 002,E09000005,Brent,0.123 ,0.236 ,0.261 ,0.361 ,910,700,590,510
MSOA,E02000095,Brent 003,E09000005,Brent,0.084 ,0.232 ,0.189 ,0.386 ,870,670,590,500
MSOA,E02000096,Brent 004,E09000005,Brent,0.043 ,0.185 ,0.136 ,0.337 ,1130,840,760,650
MSOA,E02000097,Brent 005,E09000005,Brent,0.092 ,0.230 ,0.159 ,0.382 ,870,660,570,490
MSOA,E02000098,Brent 006,E09000005,Brent,0.095 ,0.250 ,0.194 ,0.392 ,900,670,620,500
MSOA,E02000099,Brent 007,E09000005,Brent,0.138 ,0.236 ,0.214 ,0.409 ,950,720,630,510
MSOA,E02000100,Brent 008,E09000005,Brent,0.104 ,0.215 ,0.222 ,0.377 ,1160,770,790,650
MSOA,E02000101,Brent 009,E09000005,Brent,0.113 ,0.262 ,0.246 ,0.409 ,770,650,610,430
MSOA,E02000102,Brent 010,E09000005,Brent,0.145 ,0.217 ,0.270 ,0.393 ,740,580,500,410
MSOA,E02000103,Brent 011,E09000005,Brent,0.136 ,0.219 ,0.278 ,0.354 ,770,610,540,430
MSOA,E02000104,Brent 012,E09000005,Brent,0.116 ,0.241 ,0.212 ,0.368 ,890,680,610,500
MSOA,E02000105,Brent 013,E09000005,Brent,0.114 ,0.236 ,0.218 ,0.435 ,860,670,590,470
MSOA,E02000106,Brent 014,E09000005,Brent,0.144 ,0.304 ,0.308 ,0.443 ,750,560,530,410
MSOA,E02000107,Brent 015,E09000005,Brent,0.123 ,0.198 ,0.256 ,0.374 ,890,660,640,480
MSOA,E02000108,Brent 016,E09000005,Brent,0.107 ,0.242 ,0.163 ,0.437 ,890,650,570,480
MSOA,E02000109,Brent 017,E09000005,Brent,0.126 ,0.275 ,0.229 ,0.405 ,890,710,600,490
MSOA,E02000110,Brent 018,E09000005,Brent,0.146 ,0.233 ,0.298 ,0.367 ,970,700,650,530
MSOA,E02000111,Brent 019,E09000005,Brent,0.078 ,0.220 ,0.163 ,0.339 ,900,680,580,470
MSOA,E02000112,Brent 020,E09000005,Brent,0.139 ,0.258 ,0.238 ,0.402 ,850,630,560,450
MSOA,E02000113,Brent 021,E09000005,Brent,0.187 ,0.274 ,0.304 ,0.462 ,630,580,470,360
MSOA,E02000114,Brent 022,E09000005,Brent,0.127 ,0.278 ,0.287 ,0.402 ,870,670,620,450
MSOA,E02000115,Brent 023,E09000005,Brent,0.132 ,0.290 ,0.295 ,0.443 ,970,710,680,520
MSOA,E02000116,Brent 024,E09000005,Brent,0.155 ,0.240 ,0.297 ,0.411 ,710,590,480,370
MSOA,E02000117,Brent 025,E09000005,Brent,0.165 ,0.283 ,0.290 ,0.462 ,570,520,480,360
MSOA,E02000118,Brent 026,E09000005,Brent,0.090 ,0.194 ,0.157 ,0.338 ,810,620,530,420
MSOA,E02000119,Brent 027,E09000005,Brent,0.148 ,0.253 ,0.285 ,0.435 ,660,570,470,360
MSOA,E02000120,Brent 028,E09000005,Brent,0.075 ,0.205 ,0.188 ,0.363 ,950,750,680,530
MSOA,E02000121,Brent 029,E09000005,Brent,0.082 ,0.184 ,0.188 ,0.333 ,850,640,560,440
MSOA,E02000122,Brent 030,E09000005,Brent,0.085 ,0.204 ,0.210 ,0.366 ,1050,770,750,590
MSOA,E02000123,Brent 031,E09000005,Brent,0.130 ,0.311 ,0.278 ,0.439 ,620,550,530,400
MSOA,E02000124,Brent 032,E09000005,Brent,0.084 ,0.178 ,0.209 ,0.386 ,1060,760,720,590
MSOA,E02000125,Brent 033,E09000005,Brent,0.123 ,0.182 ,0.237 ,0.348 ,930,680,670,550
MSOA,E02000126,Brent 034,E09000005,Brent,0.160 ,0.283 ,0.313 ,0.453 ,630,550,500,360
MSOA,E02000127,Bromley 001,E09000006,Bromley,0.122 ,0.233 ,0.272 ,0.406 ,730,580,560,490
MSOA,E02000128,Bromley 002,E09000006,Bromley,0.064 ,0.149 ,0.153 ,0.243 ,980,730,670,610
MSOA,E02000130,Bromley 004,E09000006,Bromley,0.067 ,0.211 ,0.220 ,0.338 ,980,740,680,570
MSOA,E02000131,Bromley 005,E09000006,Bromley,0.062 ,0.243 ,0.215 ,0.378 ,860,670,670,510
MSOA,E02000132,Bromley 006,E09000006,Bromley,0.108 ,0.161 ,0.239 ,0.295 ,980,740,740,630
MSOA,E02000133,Bromley 007,E09000006,Bromley,0.056 ,0.135 ,0.200 ,0.252 ,1270,830,790,750
MSOA,E02000134,Bromley 008,E09000006,Bromley,0.070 ,0.121 ,0.182 ,0.263 ,990,750,720,590
MSOA,E02000135,Bromley 009,E09000006,Bromley,0.156 ,0.279 ,0.333 ,0.455 ,700,580,530,410
MSOA,E02000136,Bromley 010,E09000006,Bromley,0.099 ,0.158 ,0.190 ,0.263 ,880,650,680,560
MSOA,E02000137,Bromley 011,E09000006,Bromley,0.058 ,0.127 ,0.164 ,0.237 ,1100,820,800,700
MSOA,E02000138,Bromley 012,E09000006,Bromley,0.069 ,0.112 ,0.194 ,0.187 ,1150,870,840,760
MSOA,E02000139,Bromley 013,E09000006,Bromley,0.058 ,0.147 ,0.175 ,0.318 ,1130,800,740,670
MSOA,E02000140,Bromley 014,E09000006,Bromley,0.101 ,0.210 ,0.241 ,0.369 ,690,550,500,440
MSOA,E02000141,Bromley 015,E09000006,Bromley,0.094 ,0.220 ,0.268 ,0.368 ,920,700,650,580
MSOA,E02000142,Bromley 016,E09000006,Bromley,0.062 ,0.115 ,0.161 ,0.238 ,1190,830,780,700
MSOA,E02000144,Bromley 018,E09000006,Bromley,0.053 ,0.186 ,0.149 ,0.339 ,1180,800,790,730
MSOA,E02000145,Bromley 019,E09000006,Bromley,0.085 ,0.243 ,0.239 ,0.360 ,720,590,520,460
MSOA,E02000146,Bromley 020,E09000006,Bromley,0.069 ,0.179 ,0.191 ,0.345 ,990,700,660,640
MSOA,E02000147,Bromley 021,E09000006,Bromley,0.037 ,0.111 ,0.116 ,0.248 ,1230,880,800,720
MSOA,E02000148,Bromley 022,E09000006,Bromley,0.078 ,0.109 ,0.196 ,0.242 ,1180,950,840,760
MSOA,E02000149,Bromley 023,E09000006,Bromley,0.068 ,0.193 ,0.225 ,0.359 ,830,630,580,520
MSOA,E02000150,Bromley 024,E09000006,Bromley,0.048 ,0.138 ,0.151 ,0.300 ,1140,770,730,690
MSOA,E02000151,Bromley 025,E09000006,Bromley,0.060 ,0.092 ,0.196 ,0.242 ,1210,830,770,740
MSOA,E02000152,Bromley 026,E09000006,Bromley,0.115 ,0.146 ,0.273 ,0.300 ,860,670,600,540
MSOA,E02000153,Bromley 027,E09000006,Bromley,0.073 ,0.109 ,0.178 ,0.293 ,1310,940,800,780
MSOA,E02000154,Bromley 028,E09000006,Bromley,0.069 ,0.112 ,0.169 ,0.270 ,1070,730,750,650
MSOA,E02000155,Bromley 029,E09000006,Bromley,0.107 ,0.189 ,0.208 ,0.417 ,870,620,590,580
MSOA,E02000156,Bromley 030,E09000006,Bromley,0.069 ,0.134 ,0.195 ,0.284 ,1070,790,720,690
MSOA,E02000157,Bromley 031,E09000006,Bromley,0.041 ,0.133 ,0.126 ,0.248 ,1140,770,720,700
MSOA,E02000158,Bromley 032,E09000006,Bromley,0.095 ,0.210 ,0.260 ,0.352 ,900,690,640,580
MSOA,E02000159,Bromley 033,E09000006,Bromley,0.096 ,0.187 ,0.241 ,0.315 ,1130,780,780,670
MSOA,E02000160,Bromley 034,E09000006,Bromley,0.078 ,0.105 ,0.169 ,0.237 ,1070,780,690,670
MSOA,E02000161,Bromley 035,E09000006,Bromley,0.050 ,0.112 ,0.199 ,0.293 ,1120,810,700,710
MSOA,E02000162,Bromley 036,E09000006,Bromley,0.059 ,0.181 ,0.162 ,0.343 ,910,650,630,590
MSOA,E02000163,Bromley 037,E09000006,Bromley,0.034 ,0.122 ,0.131 ,0.308 ,1110,790,730,680
MSOA,E02000165,Bromley 039,E09000006,Bromley,0.087 ,0.132 ,0.247 ,0.298 ,1020,760,650,640
MSOA,E02006782,Bromley 040,E09000006,Bromley,0.115 ,0.172 ,0.301 ,0.335 ,910,700,650,600
MSOA,E02006787,Bromley 041,E09000006,Bromley,0.076 ,0.151 ,0.217 ,0.241 ,1070,750,690,680
MSOA,E02006789,Bromley 042,E09000006,Bromley,0.086 ,0.144 ,0.182 ,0.281 ,920,720,660,590
MSOA,E02000166,Camden 001,E09000007,Camden,0.056 ,0.152 ,0.196 ,0.262 ,1070,800,830,660
MSOA,E02000167,Camden 002,E09000007,Camden, , ,0.137 ,0.189 ,1440,1190,920,870
MSOA,E02000168,Camden 003,E09000007,Camden,0.055 ,0.140 ,0.151 ,0.240 ,1200,860,840,640
MSOA,E02000169,Camden 004,E09000007,Camden, , , , ,1380,1020,890,740
MSOA,E02000170,Camden 005,E09000007,Camden, ,0.126 ,0.167 ,0.282 ,1230,870,830,670
MSOA,E02000171,Camden 006,E09000007,Camden,0.081 ,0.196 ,0.185 ,0.331 ,1180,840,840,650
MSOA,E02000172,Camden 007,E09000007,Camden,0.110 ,0.258 ,0.265 ,0.398 ,800,670,620,450
MSOA,E02000173,Camden 008,E09000007,Camden,0.060 , ,0.180 ,0.218 ,1360,920,890,730
MSOA,E02000174,Camden 009,E09000007,Camden,0.089 ,0.197 ,0.196 ,0.338 ,1010,770,710,520
MSOA,E02000175,Camden 010,E09000007,Camden,0.063 ,0.181 ,0.201 ,0.260 ,1200,820,830,630
MSOA,E02000176,Camden 011,E09000007,Camden, , , , ,1400,1000,890,790
MSOA,E02000177,Camden 012,E09000007,Camden,0.136 ,0.253 ,0.292 ,0.451 ,890,750,680,510
MSOA,E02000178,Camden 013,E09000007,Camden,0.113 ,0.249 ,0.286 ,0.396 ,870,650,640,470
MSOA,E02000179,Camden 014,E09000007,Camden,0.101 ,0.182 ,0.235 ,0.351 ,1020,780,790,560
MSOA,E02000180,Camden 015,E09000007,Camden,0.067 ,0.209 ,0.174 ,0.308 ,900,710,700,470
MSOA,E02000181,Camden 016,E09000007,Camden,0.154 ,0.209 ,0.265 ,0.319 ,1340,980,920,730
MSOA,E02000182,Camden 017,E09000007,Camden,0.120 ,0.206 ,0.248 ,0.353 ,1100,850,870,640
MSOA,E02000183,Camden 018,E09000007,Camden,0.128 ,0.126 ,0.280 ,0.294 ,1050,770,770,590
MSOA,E02000184,Camden 019,E09000007,Camden,0.092 ,0.240 ,0.218 ,0.387 ,830,670,630,420
MSOA,E02000185,Camden 020,E09000007,Camden,0.120 ,0.221 ,0.254 ,0.361 ,740,640,600,440
MSOA,E02000186,Camden 021,E09000007,Camden,0.101 ,0.118 ,0.183 ,0.259 ,1000,710,790,550
MSOA,E02000187,Camden 022,E09000007,Camden,0.141 ,0.254 ,0.270 ,0.454 ,680,650,540,370
MSOA,E02000188,Camden 023,E09000007,Camden,0.135 ,0.290 ,0.258 ,0.454 ,730,640,580,380
MSOA,E02000189,Camden 024,E09000007,Camden,0.132 ,0.233 ,0.237 ,0.350 ,770,670,630,400
MSOA,E02000190,Camden 025,E09000007,Camden,0.063 ,0.217 ,0.232 ,0.374 ,780,610,670,450
MSOA,E02000191,Camden 026,E09000007,Camden,0.190 , ,0.259 , ,970,770,830,540
MSOA,E02000192,Camden 027,E09000007,Camden,0.068 ,0.236 ,0.167 ,0.360 ,840,660,700,470
MSOA,E02000193,Camden 028,E09000007,Camden,0.139 ,0.288 ,0.222 ,0.379 ,1000,710,840,560
MSOA,E02000194,Croydon 001,E09000008,Croydon,0.113 ,0.225 ,0.231 ,0.358 ,890,700,670,540
MSOA,E02000195,Croydon 002,E09000008,Croydon,0.088 ,0.196 ,0.234 ,0.367 ,950,700,680,580
MSOA,E02000196,Croydon 003,E09000008,Croydon,0.095 ,0.281 ,0.220 ,0.447 ,930,660,630,520
MSOA,E02000197,Croydon 004,E09000008,Croydon,0.135 ,0.215 ,0.249 ,0.316 ,830,630,600,510
MSOA,E02000198,Croydon 005,E09000008,Croydon,0.128 ,0.295 ,0.277 ,0.466 ,760,590,540,450
MSOA,E02000199,Croydon 006,E09000008,Croydon,0.137 ,0.278 ,0.281 ,0.392 ,920,650,640,540
MSOA,E02000200,Croydon 007,E09000008,Croydon,0.112 ,0.251 ,0.270 ,0.417 ,760,600,630,510
MSOA,E02000201,Croydon 008,E09000008,Croydon,0.118 ,0.227 ,0.257 ,0.381 ,640,520,530,420
MSOA,E02000202,Croydon 009,E09000008,Croydon,0.152 ,0.237 ,0.263 ,0.409 ,840,640,580,490
MSOA,E02000203,Croydon 010,E09000008,Croydon,0.122 ,0.279 ,0.271 ,0.387 ,690,570,530,430
MSOA,E02000204,Croydon 011,E09000008,Croydon,0.131 ,0.272 ,0.256 ,0.462 ,880,660,590,500
MSOA,E02000206,Croydon 013,E09000008,Croydon,0.128 ,0.262 ,0.262 ,0.422 ,690,560,550,440
MSOA,E02000207,Croydon 014,E09000008,Croydon,0.143 ,0.270 ,0.298 ,0.387 ,810,620,590,490
MSOA,E02000208,Croydon 015,E09000008,Croydon,0.141 ,0.235 ,0.271 ,0.429 ,640,550,500,390
MSOA,E02000209,Croydon 016,E09000008,Croydon,0.114 ,0.226 ,0.217 ,0.421 ,770,560,540,460
MSOA,E02000210,Croydon 017,E09000008,Croydon,0.080 ,0.227 ,0.211 ,0.419 ,990,700,670,590
MSOA,E02000211,Croydon 018,E09000008,Croydon,0.075 ,0.149 ,0.229 ,0.299 ,1010,720,670,640
MSOA,E02000212,Croydon 019,E09000008,Croydon,0.103 ,0.278 ,0.207 ,0.459 ,780,590,530,420
MSOA,E02000213,Croydon 020,E09000008,Croydon,0.150 ,0.266 ,0.243 ,0.446 ,680,550,520,400
MSOA,E02000214,Croydon 021,E09000008,Croydon,0.086 ,0.175 ,0.224 ,0.351 ,1070,740,690,650
MSOA,E02000215,Croydon 022,E09000008,Croydon,0.124 ,0.215 ,0.241 ,0.356 ,860,640,620,510
MSOA,E02000216,Croydon 023,E09000008,Croydon,0.097 ,0.212 ,0.175 ,0.347 ,1140,820,810,710
MSOA,E02000217,Croydon 024,E09000008,Croydon,0.116 ,0.221 ,0.270 ,0.386 ,800,640,600,480
MSOA,E02000218,Croydon 025,E09000008,Croydon,0.104 ,0.235 ,0.242 ,0.427 ,860,680,630,540
MSOA,E02000219,Croydon 026,E09000008,Croydon,0.088 ,0.215 ,0.177 ,0.373 ,1050,760,690,660
MSOA,E02000220,Croydon 027,E09000008,Croydon,0.108 ,0.220 ,0.248 ,0.373 ,870,660,690,520
MSOA,E02000221,Croydon 028,E09000008,Croydon,0.104 ,0.206 ,0.222 ,0.394 ,800,640,590,500
MSOA,E02000222,Croydon 029,E09000008,Croydon,0.097 ,0.163 ,0.213 ,0.340 ,1110,790,780,650
MSOA,E02000223,Croydon 030,E09000008,Croydon,0.139 ,0.237 ,0.283 ,0.414 ,680,610,480,390
MSOA,E02000224,Croydon 031,E09000008,Croydon,0.074 ,0.212 ,0.213 ,0.369 ,960,720,670,590
MSOA,E02000225,Croydon 032,E09000008,Croydon,0.106 ,0.272 ,0.276 ,0.440 ,840,680,550,500
MSOA,E02000226,Croydon 033,E09000008,Croydon,0.094 ,0.179 ,0.201 ,0.278 ,1110,780,700,690
MSOA,E02000227,Croydon 034,E09000008,Croydon,0.106 ,0.154 ,0.225 ,0.317 ,930,700,660,610
MSOA,E02000228,Croydon 035,E09000008,Croydon,0.058 ,0.144 ,0.169 ,0.250 ,1280,860,770,710
MSOA,E02000229,Croydon 036,E09000008,Croydon,0.122 ,0.293 ,0.286 ,0.439 ,700,590,490,410
MSOA,E02000230,Croydon 037,E09000008,Croydon,0.074 ,0.145 ,0.165 ,0.272 ,1010,760,760,640
MSOA,E02000231,Croydon 038,E09000008,Croydon,0.108 ,0.164 ,0.194 ,0.296 ,1270,850,830,690
MSOA,E02000232,Croydon 039,E09000008,Croydon,0.095 ,0.126 ,0.247 ,0.242 ,1010,710,680,600
MSOA,E02000233,Croydon 040,E09000008,Croydon,0.057 ,0.095 ,0.164 ,0.270 ,1020,770,710,660
MSOA,E02000234,Croydon 041,E09000008,Croydon,0.070 ,0.220 ,0.210 ,0.384 ,980,750,730,640
MSOA,E02000235,Croydon 042,E09000008,Croydon,0.068 ,0.157 ,0.137 ,0.325 ,1150,790,780,700
MSOA,E02000236,Croydon 043,E09000008,Croydon,0.085 ,0.205 ,0.198 ,0.322 ,1150,780,710,680
MSOA,E02000237,Croydon 044,E09000008,Croydon,0.091 ,0.164 ,0.230 ,0.257 ,990,700,660,620
MSOA,E02006788,Croydon 045,E09000008,Croydon,0.127 ,0.234 ,0.242 ,0.404 ,830,610,580,490
MSOA,E02000238,Ealing 001,E09000009,Ealing,0.090 ,0.247 ,0.189 ,0.418 ,930,650,590,530
MSOA,E02000239,Ealing 002,E09000009,Ealing,0.092 ,0.262 ,0.190 ,0.390 ,990,680,610,560
MSOA,E02000240,Ealing 003,E09000009,Ealing,0.116 ,0.249 ,0.254 ,0.406 ,740,610,560,450
MSOA,E02000241,Ealing 004,E09000009,Ealing,0.122 ,0.268 ,0.231 ,0.374 ,930,670,610,520
MSOA,E02000242,Ealing 005,E09000009,Ealing,0.141 ,0.266 ,0.250 ,0.403 ,980,660,590,540
MSOA,E02000243,Ealing 006,E09000009,Ealing,0.084 ,0.211 ,0.174 ,0.386 ,900,690,610,520
MSOA,E02000244,Ealing 007,E09000009,Ealing,0.100 ,0.227 ,0.242 ,0.386 ,940,670,610,530
MSOA,E02000245,Ealing 008,E09000009,Ealing,0.135 ,0.233 ,0.281 ,0.412 ,670,570,500,380
MSOA,E02000246,Ealing 009,E09000009,Ealing,0.138 ,0.205 ,0.251 ,0.388 ,710,580,520,410
MSOA,E02000247,Ealing 010,E09000009,Ealing,0.145 ,0.253 ,0.291 ,0.442 ,720,610,540,420
MSOA,E02000248,Ealing 011,E09000009,Ealing,0.080 ,0.229 ,0.209 ,0.363 ,1050,710,750,570
MSOA,E02000249,Ealing 012,E09000009,Ealing,0.113 ,0.217 ,0.234 ,0.360 ,860,660,590,480
MSOA,E02000250,Ealing 013,E09000009,Ealing,0.066 ,0.109 ,0.161 ,0.230 ,1340,900,820,780
MSOA,E02000251,Ealing 014,E09000009,Ealing,0.162 ,0.256 ,0.293 ,0.439 ,930,670,570,500
MSOA,E02000252,Ealing 015,E09000009,Ealing,0.147 ,0.235 ,0.293 ,0.361 ,910,650,640,490
MSOA,E02000253,Ealing 016,E09000009,Ealing,0.124 ,0.217 ,0.246 ,0.380 ,730,590,510,430
MSOA,E02000254,Ealing 017,E09000009,Ealing,0.119 ,0.232 ,0.238 ,0.394 ,860,640,520,450
MSOA,E02000255,Ealing 018,E09000009,Ealing,0.124 ,0.180 ,0.253 ,0.324 ,1020,770,740,610
MSOA,E02000256,Ealing 019,E09000009,Ealing, ,0.161 ,0.151 ,0.322 ,1170,840,830,670
MSOA,E02000257,Ealing 020,E09000009,Ealing,0.060 ,0.159 ,0.200 ,0.303 ,1200,850,830,660
MSOA,E02000258,Ealing 021,E09000009,Ealing,0.120 ,0.170 ,0.220 ,0.346 ,960,680,660,530
MSOA,E02000259,Ealing 022,E09000009,Ealing,0.084 ,0.179 ,0.197 ,0.289 ,1210,860,810,670
MSOA,E02000260,Ealing 023,E09000009,Ealing,0.114 ,0.216 ,0.195 ,0.410 ,820,710,530,450
MSOA,E02000261,Ealing 024,E09000009,Ealing,0.089 ,0.275 ,0.218 ,0.446 ,920,720,660,500
MSOA,E02000262,Ealing 025,E09000009,Ealing,0.099 ,0.205 ,0.236 ,0.353 ,870,660,600,480
MSOA,E02000263,Ealing 026,E09000009,Ealing,0.148 ,0.240 ,0.256 ,0.390 ,770,620,480,390
MSOA,E02000264,Ealing 027,E09000009,Ealing,0.122 ,0.256 ,0.293 ,0.385 ,1080,780,780,610
MSOA,E02000265,Ealing 028,E09000009,Ealing,0.114 ,0.268 ,0.236 ,0.402 ,860,660,600,480
MSOA,E02000266,Ealing 029,E09000009,Ealing,0.144 ,0.231 ,0.261 ,0.380 ,710,640,520,400
MSOA,E02000267,Ealing 030,E09000009,Ealing,0.089 ,0.234 ,0.192 ,0.345 ,1030,690,670,580
MSOA,E02000268,Ealing 031,E09000009,Ealing,0.090 ,0.186 ,0.195 ,0.329 ,1120,760,760,630
MSOA,E02000269,Ealing 032,E09000009,Ealing,0.056 ,0.107 ,0.120 ,0.226 ,1360,890,800,720
MSOA,E02000270,Ealing 033,E09000009,Ealing,0.119 ,0.273 ,0.247 ,0.426 ,720,610,540,400
MSOA,E02000271,Ealing 034,E09000009,Ealing, ,0.138 ,0.113 ,0.246 ,1360,900,830,730
MSOA,E02000272,Ealing 035,E09000009,Ealing,0.090 ,0.118 ,0.213 ,0.201 ,1180,810,710,660
MSOA,E02000274,Ealing 037,E09000009,Ealing,0.150 ,0.244 ,0.252 ,0.377 ,770,580,490,390
MSOA,E02000275,Ealing 038,E09000009,Ealing,0.107 ,0.228 ,0.195 ,0.352 ,800,640,540,430
MSOA,E02000276,Ealing 039,E09000009,Ealing,0.041 ,0.164 ,0.127 ,0.336 ,1210,840,740,660
MSOA,E02006791,Ealing 040,E09000009,Ealing,0.110 ,0.204 ,0.213 ,0.327 ,1140,820,750,640
MSOA,E02000277,Enfield 001,E09000010,Enfield,0.180 ,0.264 ,0.290 ,0.439 ,780,620,570,480
MSOA,E02000278,Enfield 002,E09000010,Enfield,0.148 ,0.263 ,0.290 ,0.423 ,680,580,510,410
MSOA,E02000279,Enfield 003,E09000010,Enfield,0.149 ,0.265 ,0.302 ,0.431 ,700,580,550,420
MSOA,E02000280,Enfield 004,E09000010,Enfield,0.099 ,0.228 ,0.274 ,0.407 ,890,680,640,550
MSOA,E02000281,Enfield 005,E09000010,Enfield,0.141 ,0.249 ,0.298 ,0.399 ,780,640,590,480
MSOA,E02000282,Enfield 006,E09000010,Enfield,0.129 ,0.281 ,0.322 ,0.404 ,610,520,500,370
MSOA,E02000283,Enfield 007,E09000010,Enfield,0.172 ,0.274 ,0.328 ,0.442 ,750,600,520,430
MSOA,E02000284,Enfield 008,E09000010,Enfield,0.068 ,0.221 ,0.204 ,0.414 ,960,730,670,580
MSOA,E02000285,Enfield 009,E09000010,Enfield,0.148 ,0.201 ,0.281 ,0.327 ,1100,770,660,630
MSOA,E02000286,Enfield 010,E09000010,Enfield,0.086 ,0.147 ,0.217 ,0.288 ,1030,760,780,620
MSOA,E02000287,Enfield 011,E09000010,Enfield,0.088 ,0.226 ,0.238 ,0.383 ,1040,800,830,600
MSOA,E02000288,Enfield 012,E09000010,Enfield,0.145 ,0.242 ,0.282 ,0.411 ,670,550,510,390
MSOA,E02000289,Enfield 013,E09000010,Enfield,0.092 ,0.206 ,0.215 ,0.321 ,1070,730,730,630
MSOA,E02000290,Enfield 014,E09000010,Enfield,0.146 ,0.312 ,0.313 ,0.427 ,580,500,470,350
MSOA,E02000291,Enfield 015,E09000010,Enfield,0.141 ,0.255 ,0.246 ,0.416 ,780,640,630,490
MSOA,E02000292,Enfield 016,E09000010,Enfield,0.118 ,0.237 ,0.247 ,0.367 ,880,660,590,520
MSOA,E02000293,Enfield 017,E09000010,Enfield,0.041 ,0.138 ,0.140 ,0.270 ,1180,960,880,720
MSOA,E02000294,Enfield 018,E09000010,Enfield,0.152 ,0.252 ,0.294 ,0.408 ,720,580,510,420
MSOA,E02000295,Enfield 019,E09000010,Enfield,0.098 ,0.187 ,0.199 ,0.315 ,960,740,710,570
MSOA,E02000296,Enfield 020,E09000010,Enfield,0.101 ,0.183 ,0.251 ,0.376 ,900,700,680,530
MSOA,E02000297,Enfield 021,E09000010,Enfield,0.124 ,0.174 ,0.229 ,0.335 ,1050,780,690,620
MSOA,E02000298,Enfield 022,E09000010,Enfield,0.043 ,0.146 ,0.172 ,0.317 ,1150,820,780,660
MSOA,E02000299,Enfield 023,E09000010,Enfield,0.125 ,0.246 ,0.261 ,0.414 ,700,590,510,400
MSOA,E02000300,Enfield 024,E09000010,Enfield,0.138 ,0.248 ,0.292 ,0.442 ,790,590,550,450
MSOA,E02000301,Enfield 025,E09000010,Enfield,0.131 ,0.275 ,0.291 ,0.451 ,630,550,490,380
MSOA,E02000302,Enfield 026,E09000010,Enfield,0.107 ,0.261 ,0.197 ,0.435 ,830,660,580,500
MSOA,E02000303,Enfield 027,E09000010,Enfield,0.160 ,0.285 ,0.315 ,0.418 ,680,580,510,400
MSOA,E02000304,Enfield 028,E09000010,Enfield,0.081 ,0.165 ,0.157 ,0.295 ,1190,850,830,690
MSOA,E02000305,Enfield 029,E09000010,Enfield,0.069 ,0.166 ,0.181 ,0.322 ,1010,770,700,580
MSOA,E02000306,Enfield 030,E09000010,Enfield,0.188 ,0.316 ,0.330 ,0.485 ,550,510,450,330
MSOA,E02000307,Enfield 031,E09000010,Enfield,0.154 ,0.258 ,0.303 ,0.412 ,820,610,540,460
MSOA,E02000308,Enfield 032,E09000010,Enfield,0.111 ,0.216 ,0.247 ,0.342 ,960,700,650,540
MSOA,E02000309,Enfield 033,E09000010,Enfield,0.144 ,0.256 ,0.274 ,0.413 ,690,560,520,400
MSOA,E02000311,Enfield 035,E09000010,Enfield,0.120 ,0.277 ,0.251 ,0.391 ,810,640,570,460
MSOA,E02000312,Enfield 036,E09000010,Enfield,0.070 ,0.213 ,0.189 ,0.348 ,1000,720,680,530
MSOA,E02006793,Enfield 037,E09000010,Enfield,0.142 ,0.332 ,0.291 ,0.496 ,620,540,500,360
MSOA,E02000313,Greenwich 001,E09000011,Greenwich,0.167 ,0.269 ,0.387 ,0.455 ,690,560,530,400
MSOA,E02000314,Greenwich 002,E09000011,Greenwich,0.169 ,0.298 ,0.329 ,0.456 ,680,560,530,420
MSOA,E02000315,Greenwich 003,E09000011,Greenwich,0.172 ,0.289 ,0.298 ,0.414 ,700,570,510,410
MSOA,E02000316,Greenwich 004,E09000011,Greenwich,0.166 ,0.223 ,0.285 ,0.425 ,800,620,580,420
MSOA,E02000317,Greenwich 005,E09000011,Greenwich,0.144 ,0.258 ,0.278 ,0.401 ,700,590,540,400
MSOA,E02000318,Greenwich 006,E09000011,Greenwich,0.153 ,0.243 ,0.288 ,0.407 ,710,550,500,390
MSOA,E02000319,Greenwich 007,E09000011,Greenwich,0.123 ,0.243 ,0.281 ,0.405 ,710,590,550,420
MSOA,E02000320,Greenwich 008,E09000011,Greenwich,0.158 ,0.285 ,0.344 ,0.450 ,790,600,560,470
MSOA,E02000321,Greenwich 009,E09000011,Greenwich,0.164 ,0.252 ,0.306 ,0.392 ,700,580,520,390
MSOA,E02000323,Greenwich 011,E09000011,Greenwich,0.150 ,0.265 ,0.304 ,0.420 ,620,530,480,350
MSOA,E02000324,Greenwich 012,E09000011,Greenwich,0.130 ,0.294 ,0.268 ,0.448 ,750,610,540,440
MSOA,E02000326,Greenwich 014,E09000011,Greenwich,0.127 ,0.220 ,0.253 ,0.387 ,940,680,640,520
MSOA,E02000327,Greenwich 015,E09000011,Greenwich,0.123 ,0.266 ,0.291 ,0.402 ,760,600,510,390
MSOA,E02000328,Greenwich 016,E09000011,Greenwich,0.050 ,0.193 ,0.200 ,0.284 ,1030,740,730,590
MSOA,E02000329,Greenwich 017,E09000011,Greenwich,0.119 ,0.241 ,0.246 ,0.382 ,830,600,570,510
MSOA,E02000331,Greenwich 019,E09000011,Greenwich,0.130 ,0.250 ,0.267 ,0.430 ,790,600,560,440
MSOA,E02000332,Greenwich 020,E09000011,Greenwich,0.136 ,0.214 ,0.257 ,0.354 ,990,720,670,620
MSOA,E02000333,Greenwich 021,E09000011,Greenwich,0.089 ,0.261 ,0.210 ,0.391 ,1200,850,820,710
MSOA,E02000334,Greenwich 022,E09000011,Greenwich,0.084 ,0.231 ,0.224 ,0.377 ,880,650,620,530
MSOA,E02000335,Greenwich 023,E09000011,Greenwich,0.066 ,0.176 ,0.183 ,0.314 ,1010,720,650,640
MSOA,E02000337,Greenwich 025,E09000011,Greenwich,0.127 ,0.229 ,0.245 ,0.352 ,830,640,570,510
MSOA,E02000339,Greenwich 027,E09000011,Greenwich,0.070 ,0.144 ,0.250 ,0.299 ,1040,710,680,620
MSOA,E02000340,Greenwich 028,E09000011,Greenwich,0.122 ,0.220 ,0.237 ,0.398 ,910,660,670,570
MSOA,E02000341,Greenwich 029,E09000011,Greenwich,0.142 ,0.267 ,0.293 ,0.426 ,710,600,540,440
MSOA,E02000342,Greenwich 030,E09000011,Greenwich,0.121 ,0.260 ,0.274 ,0.403 ,820,660,610,460
MSOA,E02000343,Greenwich 031,E09000011,Greenwich,0.127 ,0.200 ,0.278 ,0.368 ,810,630,580,520
MSOA,E02000344,Greenwich 032,E09000011,Greenwich,0.082 ,0.239 ,0.228 ,0.426 ,1000,710,630,600
MSOA,E02006786,Greenwich 033,E09000011,Greenwich,0.126 ,0.266 ,0.276 ,0.390 ,790,620,560,470
MSOA,E02006927,Greenwich 034,E09000011,Greenwich,0.106 ,0.242 ,0.219 ,0.352 ,930,710,680,570
MSOA,E02006928,Greenwich 035,E09000011,Greenwich,0.136 ,0.241 ,0.288 ,0.390 ,900,710,700,470
MSOA,E02006929,Greenwich 036,E09000011,Greenwich,0.106 ,0.220 ,0.227 ,0.367 ,920,700,620,470
MSOA,E02006930,Greenwich 037,E09000011,Greenwich,0.046 ,0.188 ,0.133 ,0.315 ,1160,750,730,600
MSOA,E02006931,Greenwich 038,E09000011,Greenwich,0.092 ,0.260 ,0.223 ,0.397 ,990,720,680,540
MSOA,E02000345,Hackney 001,E09000012,Hackney,0.124 ,0.226 ,0.221 ,0.365 ,770,720,550,450
MSOA,E02000346,Hackney 002,E09000012,Hackney,0.225 ,0.352 ,0.343 ,0.485 ,740,580,570,390
MSOA,E02000347,Hackney 003,E09000012,Hackney,0.145 ,0.225 ,0.255 ,0.382 ,770,710,580,450
MSOA,E02000348,Hackney 004,E09000012,Hackney,0.133 ,0.283 ,0.258 ,0.452 ,720,680,520,400
MSOA,E02000350,Hackney 006,E09000012,Hackney,0.088 ,0.204 ,0.204 ,0.344 ,930,720,640,490
MSOA,E02000351,Hackney 007,E09000012,Hackney,0.110 ,0.265 ,0.214 ,0.374 ,1020,720,690,500
MSOA,E02000352,Hackney 008,E09000012,Hackney,0.083 ,0.228 ,0.221 ,0.434 ,900,720,630,490
MSOA,E02000353,Hackney 009,E09000012,Hackney,0.081 ,0.202 ,0.216 ,0.303 ,1150,800,730,580
MSOA,E02000354,Hackney 010,E09000012,Hackney,0.111 ,0.258 ,0.252 ,0.405 ,720,590,530,390
MSOA,E02000355,Hackney 011,E09000012,Hackney,0.060 ,0.170 ,0.162 ,0.311 ,940,680,640,490
MSOA,E02000356,Hackney 012,E09000012,Hackney,0.075 ,0.117 ,0.203 ,0.229 ,1140,810,740,580
MSOA,E02000357,Hackney 013,E09000012,Hackney,0.163 ,0.281 ,0.281 ,0.457 ,570,530,440,320
MSOA,E02000358,Hackney 014,E09000012,Hackney,0.131 ,0.275 ,0.236 ,0.434 ,850,670,600,440
MSOA,E02000359,Hackney 015,E09000012,Hackney,0.125 ,0.221 ,0.301 ,0.396 ,870,650,570,460
MSOA,E02000360,Hackney 016,E09000012,Hackney,0.144 ,0.285 ,0.288 ,0.443 ,690,590,510,370
MSOA,E02000361,Hackney 017,E09000012,Hackney,0.195 ,0.279 ,0.314 ,0.400 ,880,640,600,430
MSOA,E02000362,Hackney 018,E09000012,Hackney,0.164 ,0.304 ,0.256 ,0.486 ,720,580,520,380
MSOA,E02000363,Hackney 019,E09000012,Hackney,0.148 ,0.266 ,0.287 ,0.435 ,620,580,490,350
MSOA,E02000364,Hackney 020,E09000012,Hackney,0.106 ,0.199 ,0.226 ,0.328 ,940,690,650,500
MSOA,E02000365,Hackney 021,E09000012,Hackney,0.136 ,0.259 ,0.243 ,0.400 ,930,690,700,510
MSOA,E02000366,Hackney 022,E09000012,Hackney,0.161 ,0.268 ,0.329 ,0.410 ,780,610,550,410
MSOA,E02000367,Hackney 023,E09000012,Hackney,0.147 ,0.285 ,0.266 ,0.430 ,960,720,650,480
MSOA,E02000368,Hackney 024,E09000012,Hackney,0.103 ,0.262 ,0.248 ,0.448 ,700,600,520,370
MSOA,E02000369,Hackney 025,E09000012,Hackney,0.148 ,0.321 ,0.301 ,0.534 ,770,650,570,410
MSOA,E02000370,Hackney 026,E09000012,Hackney,0.128 ,0.240 ,0.299 ,0.463 ,800,660,610,430
MSOA,E02000371,Hackney 027,E09000012,Hackney,0.176 ,0.319 ,0.287 ,0.416 ,900,700,670,470
MSOA,E02006918,Hackney 028,E09000012,Hackney,0.148 ,0.254 ,0.315 ,0.413 ,660,580,500,360
MSOA,E02006921,Hackney 029,E09000012,Hackney,0.145 ,0.276 ,0.293 ,0.419 ,650,600,510,380
MSOA,E02000372,Hammersmith and Fulham 001,E09000013,Hammersmith and Fulham,0.128 ,0.218 ,0.259 ,0.355 ,810,600,580,450
MSOA,E02000373,Hammersmith and Fulham 002,E09000013,Hammersmith and Fulham,0.113 ,0.268 ,0.223 ,0.429 ,660,570,500,360
MSOA,E02000374,Hammersmith and Fulham 003,E09000013,Hammersmith and Fulham,0.090 ,0.308 ,0.202 ,0.417 ,930,680,700,530
MSOA,E02000375,Hammersmith and Fulham 004,E09000013,Hammersmith and Fulham,0.100 ,0.260 ,0.215 ,0.380 ,840,630,620,460
MSOA,E02000376,Hammersmith and Fulham 005,E09000013,Hammersmith and Fulham,0.107 ,0.295 ,0.258 ,0.468 ,920,690,650,480
MSOA,E02000377,Hammersmith and Fulham 006,E09000013,Hammersmith and Fulham,0.079 ,0.201 ,0.183 ,0.361 ,870,650,620,450
MSOA,E02000378,Hammersmith and Fulham 007,E09000013,Hammersmith and Fulham,0.068 ,0.192 ,0.242 ,0.374 ,1060,760,750,560
MSOA,E02000379,Hammersmith and Fulham 008,E09000013,Hammersmith and Fulham,0.118 ,0.176 ,0.227 ,0.331 ,1050,760,780,610
MSOA,E02000380,Hammersmith and Fulham 009,E09000013,Hammersmith and Fulham,0.039 ,0.206 ,0.160 ,0.364 ,1150,760,750,580
MSOA,E02000381,Hammersmith and Fulham 010,E09000013,Hammersmith and Fulham,0.048 ,0.223 ,0.162 ,0.340 ,1170,850,820,630
MSOA,E02000382,Hammersmith and Fulham 011,E09000013,Hammersmith and Fulham,0.085 ,0.162 ,0.202 ,0.269 ,1070,750,760,570
MSOA,E02000383,Hammersmith and Fulham 012,E09000013,Hammersmith and Fulham,0.151 ,0.313 ,0.310 ,0.509 ,1020,770,790,590
MSOA,E02000384,Hammersmith and Fulham 013,E09000013,Hammersmith and Fulham,0.122 ,0.222 ,0.230 ,0.373 ,890,680,670,490
MSOA,E02000385,Hammersmith and Fulham 014,E09000013,Hammersmith and Fulham, ,0.185 ,0.281 ,0.389 ,1290,870,860,660
MSOA,E02000386,Hammersmith and Fulham 015,E09000013,Hammersmith and Fulham,0.084 ,0.261 ,0.235 ,0.444 ,830,680,630,450
MSOA,E02000387,Hammersmith and Fulham 016,E09000013,Hammersmith and Fulham,0.118 ,0.225 ,0.286 ,0.411 ,1000,730,690,510
MSOA,E02000388,Hammersmith and Fulham 017,E09000013,Hammersmith and Fulham,0.085 ,0.191 ,0.203 ,0.371 ,1030,750,710,550
MSOA,E02000389,Hammersmith and Fulham 018,E09000013,Hammersmith and Fulham,0.108 ,0.144 ,0.236 ,0.244 ,1240,850,840,690
MSOA,E02000390,Hammersmith and Fulham 019,E09000013,Hammersmith and Fulham,0.077 ,0.221 ,0.250 ,0.389 ,1010,700,720,550
MSOA,E02000391,Hammersmith and Fulham 020,E09000013,Hammersmith and Fulham,0.123 ,0.258 ,0.260 ,0.530 ,1170,790,810,650
MSOA,E02000392,Hammersmith and Fulham 021,E09000013,Hammersmith and Fulham,0.135 ,0.257 ,0.298 ,0.371 ,1170,790,820,610
MSOA,E02000393,Hammersmith and Fulham 022,E09000013,Hammersmith and Fulham,0.125 , ,0.278 , ,1470,1110,990,870
MSOA,E02000394,Hammersmith and Fulham 023,E09000013,Hammersmith and Fulham,0.137 ,0.278 ,0.297 ,0.470 ,960,750,830,540
MSOA,E02000395,Hammersmith and Fulham 024,E09000013,Hammersmith and Fulham, , ,0.132 , ,1400,1160,980,870
MSOA,E02000396,Hammersmith and Fulham 025,E09000013,Hammersmith and Fulham,0.139 ,0.262 ,0.306 ,0.397 ,1130,830,860,630
MSOA,E02000397,Haringey 001,E09000014,Haringey,0.130 ,0.216 ,0.261 ,0.351 ,800,640,590,460
MSOA,E02000398,Haringey 002,E09000014,Haringey,0.200 ,0.268 ,0.332 ,0.424 ,580,510,470,350
MSOA,E02000400,Haringey 004,E09000014,Haringey,0.063 ,0.209 ,0.196 ,0.377 ,940,710,640,530
MSOA,E02000401,Haringey 005,E09000014,Haringey,0.161 ,0.253 ,0.317 ,0.450 ,680,560,450,370
MSOA,E02000402,Haringey 006,E09000014,Haringey,0.162 ,0.285 ,0.291 ,0.454 ,650,540,460,360
MSOA,E02000403,Haringey 007,E09000014,Haringey,0.117 ,0.226 ,0.276 ,0.395 ,890,690,570,440
MSOA,E02000404,Haringey 008,E09000014,Haringey,0.123 ,0.240 ,0.266 ,0.413 ,810,630,550,420
MSOA,E02000405,Haringey 009,E09000014,Haringey,0.048 ,0.098 ,0.135 ,0.223 ,1410,950,860,760
MSOA,E02000406,Haringey 010,E09000014,Haringey,0.145 ,0.349 ,0.262 ,0.526 ,800,580,540,420
MSOA,E02000407,Haringey 011,E09000014,Haringey,0.145 ,0.285 ,0.265 ,0.459 ,650,530,490,360
MSOA,E02000408,Haringey 012,E09000014,Haringey,0.157 ,0.280 ,0.295 ,0.436 ,640,560,470,340
MSOA,E02000409,Haringey 013,E09000014,Haringey,0.170 ,0.296 ,0.305 ,0.471 ,680,560,500,370
MSOA,E02000410,Haringey 014,E09000014,Haringey, ,0.071 ,0.115 ,0.163 ,1280,920,810,730
MSOA,E02000411,Haringey 015,E09000014,Haringey,0.173 ,0.296 ,0.285 ,0.460 ,660,550,500,370
MSOA,E02000412,Haringey 016,E09000014,Haringey,0.138 ,0.272 ,0.243 ,0.424 ,800,620,590,420
MSOA,E02000413,Haringey 017,E09000014,Haringey,0.052 ,0.105 ,0.128 ,0.227 ,1240,840,810,700
MSOA,E02000414,Haringey 018,E09000014,Haringey,0.152 ,0.241 ,0.260 ,0.387 ,810,570,550,420
MSOA,E02000415,Haringey 019,E09000014,Haringey,0.108 ,0.223 ,0.193 ,0.382 ,810,620,550,420
MSOA,E02000416,Haringey 020,E09000014,Haringey,0.085 ,0.192 ,0.169 ,0.313 ,890,690,630,490
MSOA,E02000417,Haringey 021,E09000014,Haringey, ,0.085 ,0.135 ,0.231 ,1330,940,830,750
MSOA,E02000418,Haringey 022,E09000014,Haringey,0.039 ,0.137 ,0.133 ,0.237 ,1290,910,800,750
MSOA,E02000419,Haringey 023,E09000014,Haringey,0.095 ,0.199 ,0.212 ,0.309 ,930,680,630,460
MSOA,E02000420,Haringey 024,E09000014,Haringey,0.156 ,0.313 ,0.268 ,0.464 ,670,510,490,370
MSOA,E02000421,Haringey 025,E09000014,Haringey,0.122 ,0.262 ,0.303 ,0.425 ,650,520,480,350
MSOA,E02000422,Haringey 026,E09000014,Haringey,0.106 ,0.280 ,0.232 ,0.427 ,780,610,560,420
MSOA,E02000423,Haringey 027,E09000014,Haringey,0.117 ,0.265 ,0.240 ,0.469 ,950,660,590,470
MSOA,E02000424,Haringey 028,E09000014,Haringey,0.053 ,0.118 ,0.155 ,0.312 ,1150,830,760,590
MSOA,E02000425,Haringey 029,E09000014,Haringey,0.133 ,0.237 ,0.244 ,0.359 ,790,660,520,430
MSOA,E02000426,Haringey 030,E09000014,Haringey,0.047 ,0.144 ,0.148 ,0.330 ,1270,880,840,720
MSOA,E02000427,Haringey 031,E09000014,Haringey,0.059 ,0.298 ,0.172 ,0.447 ,970,670,630,470
MSOA,E02000428,Haringey 032,E09000014,Haringey,0.100 ,0.332 ,0.232 ,0.516 ,710,590,530,390
MSOA,E02000429,Haringey 033,E09000014,Haringey,0.032 ,0.080 ,0.155 ,0.160 ,1350,1010,860,780
MSOA,E02000430,Haringey 034,E09000014,Haringey,0.031 ,0.133 ,0.102 ,0.250 ,1270,920,840,730
MSOA,E02000431,Haringey 035,E09000014,Haringey, ,0.130 ,0.147 ,0.261 ,1470,1010,890,760
MSOA,E02000432,Haringey 036,E09000014,Haringey,0.070 ,0.242 ,0.190 ,0.398 ,1150,820,780,600
MSOA,E02006794,Haringey 037,E09000014,Haringey,0.146 ,0.340 ,0.251 ,0.469 ,570,490,450,340
MSOA,E02000433,Harrow 001,E09000015,Harrow,0.102 ,0.137 ,0.289 ,0.316 ,950,730,760,590
MSOA,E02000434,Harrow 002,E09000015,Harrow,0.137 ,0.208 ,0.248 ,0.345 ,1030,780,730,610
MSOA,E02000435,Harrow 003,E09000015,Harrow,0.095 ,0.178 ,0.200 ,0.330 ,910,700,700,560
MSOA,E02000436,Harrow 004,E09000015,Harrow,0.068 ,0.212 ,0.158 ,0.319 ,1210,850,800,710
MSOA,E02000437,Harrow 005,E09000015,Harrow,0.107 ,0.182 ,0.219 ,0.351 ,920,710,640,560
MSOA,E02000438,Harrow 006,E09000015,Harrow,0.115 ,0.245 ,0.243 ,0.373 ,910,690,690,560
MSOA,E02000439,Harrow 007,E09000015,Harrow,0.112 ,0.224 ,0.245 ,0.371 ,910,670,580,500
MSOA,E02000440,Harrow 008,E09000015,Harrow,0.070 ,0.169 ,0.177 ,0.339 ,1130,790,690,630
MSOA,E02000441,Harrow 009,E09000015,Harrow,0.092 ,0.140 ,0.237 ,0.273 ,1030,780,790,640
MSOA,E02000442,Harrow 010,E09000015,Harrow,0.114 ,0.230 ,0.209 ,0.427 ,950,680,580,520
MSOA,E02000443,Harrow 011,E09000015,Harrow,0.112 ,0.230 ,0.223 ,0.421 ,810,640,550,460
MSOA,E02000444,Harrow 012,E09000015,Harrow,0.094 ,0.185 ,0.201 ,0.305 ,1000,730,630,560
MSOA,E02000445,Harrow 013,E09000015,Harrow,0.126 ,0.266 ,0.269 ,0.415 ,830,680,590,480
MSOA,E02000447,Harrow 015,E09000015,Harrow,0.061 ,0.194 ,0.194 ,0.291 ,1080,780,670,610
MSOA,E02000448,Harrow 016,E09000015,Harrow,0.098 ,0.153 ,0.172 ,0.326 ,1250,860,820,710
MSOA,E02000449,Harrow 017,E09000015,Harrow,0.104 ,0.226 ,0.250 ,0.411 ,870,660,540,470
MSOA,E02000451,Harrow 019,E09000015,Harrow,0.054 ,0.154 ,0.127 ,0.314 ,1190,850,710,710
MSOA,E02000452,Harrow 020,E09000015,Harrow,0.091 ,0.174 ,0.172 ,0.362 ,1010,750,660,530
MSOA,E02000453,Harrow 021,E09000015,Harrow,0.080 ,0.205 ,0.178 ,0.332 ,1050,760,680,570
MSOA,E02000454,Harrow 022,E09000015,Harrow,0.056 ,0.133 ,0.208 ,0.294 ,1260,870,770,720
MSOA,E02000455,Harrow 023,E09000015,Harrow,0.117 ,0.231 ,0.217 ,0.343 ,1010,800,740,570
MSOA,E02000456,Harrow 024,E09000015,Harrow,0.070 ,0.207 ,0.149 ,0.335 ,1060,780,680,610
MSOA,E02000457,Harrow 025,E09000015,Harrow,0.063 ,0.189 ,0.143 ,0.354 ,1160,840,690,660
MSOA,E02000459,Harrow 027,E09000015,Harrow,0.122 ,0.276 ,0.241 ,0.393 ,860,690,630,490
MSOA,E02000460,Harrow 028,E09000015,Harrow,0.078 ,0.204 ,0.172 ,0.338 ,920,680,600,500
MSOA,E02000461,Harrow 029,E09000015,Harrow,0.089 ,0.223 ,0.199 ,0.372 ,1180,860,820,650
MSOA,E02000462,Harrow 030,E09000015,Harrow,0.100 ,0.246 ,0.245 ,0.379 ,900,680,600,500
MSOA,E02000463,Harrow 031,E09000015,Harrow,0.084 ,0.193 ,0.207 ,0.321 ,870,670,570,500
MSOA,E02006795,Harrow 032,E09000015,Harrow,0.064 ,0.183 ,0.173 ,0.337 ,1040,740,640,600
MSOA,E02006882,Harrow 033,E09000015,Harrow,0.114 ,0.217 ,0.231 ,0.378 ,1030,760,630,570
MSOA,E02000464,Havering 001,E09000016,Havering,0.121 ,0.236 ,0.266 ,0.417 ,660,540,480,420
MSOA,E02000465,Havering 002,E09000016,Havering,0.120 ,0.203 ,0.253 ,0.349 ,720,570,500,430
MSOA,E02000466,Havering 003,E09000016,Havering,0.094 ,0.219 ,0.230 ,0.364 ,740,600,550,480
MSOA,E02000467,Havering 004,E09000016,Havering,0.158 ,0.237 ,0.315 ,0.375 ,630,520,470,390
MSOA,E02000468,Havering 005,E09000016,Havering,0.095 ,0.230 ,0.226 ,0.358 ,810,660,560,520
MSOA,E02000469,Havering 006,E09000016,Havering,0.109 ,0.219 ,0.274 ,0.352 ,700,580,510,450
MSOA,E02000470,Havering 007,E09000016,Havering,0.076 ,0.160 ,0.227 ,0.376 ,870,670,610,570
MSOA,E02000471,Havering 008,E09000016,Havering,0.075 ,0.123 ,0.199 ,0.303 ,970,680,630,590
MSOA,E02000472,Havering 009,E09000016,Havering,0.105 ,0.172 ,0.233 ,0.314 ,860,650,580,540
MSOA,E02000473,Havering 010,E09000016,Havering,0.101 ,0.208 ,0.215 ,0.377 ,960,700,640,590
MSOA,E02000474,Havering 011,E09000016,Havering,0.104 ,0.216 ,0.237 ,0.315 ,790,620,560,510
MSOA,E02000475,Havering 012,E09000016,Havering,0.111 ,0.222 ,0.265 ,0.340 ,930,720,700,590
MSOA,E02000476,Havering 013,E09000016,Havering,0.094 ,0.206 ,0.211 ,0.376 ,730,610,590,460
MSOA,E02000477,Havering 014,E09000016,Havering,0.080 ,0.167 ,0.207 ,0.326 ,1010,730,660,630
MSOA,E02000478,Havering 015,E09000016,Havering,0.090 ,0.175 ,0.225 ,0.272 ,1090,780,840,620
MSOA,E02000479,Havering 016,E09000016,Havering,0.105 ,0.236 ,0.214 ,0.351 ,860,660,610,520
MSOA,E02000480,Havering 017,E09000016,Havering,0.080 ,0.191 ,0.213 ,0.332 ,810,640,590,510
MSOA,E02000481,Havering 018,E09000016,Havering,0.080 ,0.202 ,0.184 ,0.347 ,970,760,680,650
MSOA,E02000482,Havering 019,E09000016,Havering,0.069 ,0.167 ,0.202 ,0.319 ,1140,760,690,660
MSOA,E02000483,Havering 020,E09000016,Havering,0.110 ,0.163 ,0.225 ,0.297 ,780,620,560,500
MSOA,E02000484,Havering 021,E09000016,Havering,0.038 ,0.200 ,0.146 ,0.342 ,980,720,630,590
MSOA,E02000485,Havering 022,E09000016,Havering,0.105 ,0.205 ,0.180 ,0.332 ,940,700,630,590
MSOA,E02000486,Havering 023,E09000016,Havering,0.133 ,0.188 ,0.245 ,0.337 ,910,670,600,560
MSOA,E02000487,Havering 024,E09000016,Havering,0.066 ,0.119 ,0.174 ,0.245 ,1120,820,650,630
MSOA,E02000488,Havering 025,E09000016,Havering,0.120 ,0.173 ,0.264 ,0.352 ,950,680,610,590
MSOA,E02000489,Havering 026,E09000016,Havering,0.105 ,0.207 ,0.257 ,0.374 ,810,650,570,510
MSOA,E02000490,Havering 027,E09000016,Havering,0.112 ,0.262 ,0.233 ,0.437 ,810,630,550,510
MSOA,E02000491,Havering 028,E09000016,Havering,0.118 ,0.224 ,0.275 ,0.361 ,700,580,530,470
MSOA,E02000492,Havering 029,E09000016,Havering,0.132 ,0.230 ,0.265 ,0.398 ,820,640,550,520
MSOA,E02000493,Havering 030,E09000016,Havering,0.138 ,0.247 ,0.250 ,0.423 ,770,600,540,460
MSOA,E02000494,Hillingdon 001,E09000017,Hillingdon,0.048 ,0.135 ,0.206 ,0.250 ,1190,890,850,730
MSOA,E02000495,Hillingdon 002,E09000017,Hillingdon,0.067 ,0.193 ,0.177 ,0.325 ,980,740,710,620
MSOA,E02000496,Hillingdon 003,E09000017,Hillingdon,0.100 ,0.185 ,0.280 ,0.295 ,920,670,640,570
MSOA,E02000497,Hillingdon 004,E09000017,Hillingdon,0.073 ,0.176 ,0.185 ,0.322 ,1030,760,700,630
MSOA,E02000498,Hillingdon 005,E09000017,Hillingdon,0.059 ,0.138 ,0.185 ,0.240 ,960,720,650,610
MSOA,E02000499,Hillingdon 006,E09000017,Hillingdon,0.076 ,0.122 ,0.185 ,0.239 ,1160,800,720,690
MSOA,E02000500,Hillingdon 007,E09000017,Hillingdon,0.061 ,0.112 ,0.176 ,0.228 ,1130,790,740,650
MSOA,E02000501,Hillingdon 008,E09000017,Hillingdon,0.087 ,0.174 ,0.254 ,0.322 ,1030,730,650,630
MSOA,E02000502,Hillingdon 009,E09000017,Hillingdon,0.063 ,0.156 ,0.193 ,0.311 ,1040,740,680,640
MSOA,E02000503,Hillingdon 010,E09000017,Hillingdon,0.073 ,0.165 ,0.194 ,0.283 ,1120,740,680,670
MSOA,E02000504,Hillingdon 011,E09000017,Hillingdon,0.049 ,0.097 ,0.143 ,0.233 ,1160,780,710,680
MSOA,E02000506,Hillingdon 013,E09000017,Hillingdon,0.097 ,0.166 ,0.242 ,0.317 ,1240,870,840,720
MSOA,E02000507,Hillingdon 014,E09000017,Hillingdon,0.066 ,0.190 ,0.188 ,0.339 ,1170,810,710,660
MSOA,E02000508,Hillingdon 015,E09000017,Hillingdon,0.078 ,0.174 ,0.185 ,0.326 ,980,730,730,540
MSOA,E02000509,Hillingdon 016,E09000017,Hillingdon,0.133 ,0.204 ,0.278 ,0.355 ,850,680,640,460
MSOA,E02000510,Hillingdon 017,E09000017,Hillingdon,0.108 ,0.164 ,0.183 ,0.274 ,930,680,620,550
MSOA,E02000511,Hillingdon 018,E09000017,Hillingdon,0.112 ,0.202 ,0.216 ,0.388 ,930,690,600,540
MSOA,E02000512,Hillingdon 019,E09000017,Hillingdon,0.112 ,0.193 ,0.221 ,0.329 ,810,650,560,460
MSOA,E02000513,Hillingdon 020,E09000017,Hillingdon,0.107 ,0.248 ,0.246 ,0.397 ,770,630,540,430
MSOA,E02000514,Hillingdon 021,E09000017,Hillingdon,0.119 ,0.265 ,0.199 ,0.419 ,860,640,560,470
MSOA,E02000515,Hillingdon 022,E09000017,Hillingdon,0.097 ,0.202 ,0.218 ,0.328 ,780,630,590,450
MSOA,E02000516,Hillingdon 023,E09000017,Hillingdon,0.106 ,0.248 ,0.213 ,0.415 ,900,660,580,470
MSOA,E02000517,Hillingdon 024,E09000017,Hillingdon,0.099 ,0.223 ,0.208 ,0.387 ,750,600,510,420
MSOA,E02000518,Hillingdon 025,E09000017,Hillingdon,0.123 ,0.265 ,0.262 ,0.411 ,790,640,540,460
MSOA,E02000519,Hillingdon 026,E09000017,Hillingdon,0.122 ,0.221 ,0.222 ,0.385 ,740,600,510,420
MSOA,E02000520,Hillingdon 027,E09000017,Hillingdon,0.090 ,0.250 ,0.181 ,0.391 ,760,610,520,420
MSOA,E02000521,Hillingdon 028,E09000017,Hillingdon,0.111 ,0.200 ,0.219 ,0.374 ,860,640,560,460
MSOA,E02000522,Hillingdon 029,E09000017,Hillingdon,0.080 ,0.234 ,0.243 ,0.431 ,840,660,580,490
MSOA,E02000523,Hillingdon 030,E09000017,Hillingdon,0.099 ,0.231 ,0.199 ,0.369 ,870,650,560,470
MSOA,E02000524,Hillingdon 031,E09000017,Hillingdon,0.109 ,0.280 ,0.205 ,0.411 ,870,640,590,500
MSOA,E02000525,Hillingdon 032,E09000017,Hillingdon,0.131 ,0.232 ,0.238 ,0.393 ,810,640,560,460
MSOA,E02006796,Hillingdon 033,E09000017,Hillingdon,0.100 ,0.187 ,0.218 ,0.300 ,930,710,630,550
MSOA,E02000526,Hounslow 001,E09000018,Hounslow,0.047 ,0.103 ,0.154 ,0.197 ,1380,960,900,750
MSOA,E02000528,Hounslow 003,E09000018,Hounslow,0.129 ,0.251 ,0.239 ,0.395 ,860,690,650,490
MSOA,E02000529,Hounslow 004,E09000018,Hounslow,0.114 ,0.268 ,0.178 ,0.411 ,840,680,560,470
MSOA,E02000530,Hounslow 005,E09000018,Hounslow,0.070 ,0.233 ,0.176 ,0.401 ,740,640,520,400
MSOA,E02000531,Hounslow 006,E09000018,Hounslow,0.096 ,0.186 ,0.219 ,0.394 ,920,720,680,540
MSOA,E02000532,Hounslow 007,E09000018,Hounslow,0.091 ,0.184 ,0.183 ,0.284 ,1150,820,840,690
MSOA,E02000533,Hounslow 008,E09000018,Hounslow,0.070 ,0.133 ,0.172 ,0.315 ,1220,850,820,700
MSOA,E02000534,Hounslow 009,E09000018,Hounslow,0.092 ,0.145 ,0.177 ,0.339 ,1190,810,740,640
MSOA,E02000535,Hounslow 010,E09000018,Hounslow,0.108 ,0.258 ,0.205 ,0.404 ,980,690,580,510
MSOA,E02000536,Hounslow 011,E09000018,Hounslow,0.134 ,0.245 ,0.211 ,0.365 ,920,670,600,500
MSOA,E02000537,Hounslow 012,E09000018,Hounslow,0.098 ,0.231 ,0.220 ,0.387 ,1120,760,710,610
MSOA,E02000538,Hounslow 013,E09000018,Hounslow,0.117 ,0.276 ,0.241 ,0.427 ,920,670,560,480
MSOA,E02000539,Hounslow 014,E09000018,Hounslow,0.104 ,0.224 ,0.216 ,0.386 ,960,720,660,550
MSOA,E02000540,Hounslow 015,E09000018,Hounslow,0.103 ,0.188 ,0.233 ,0.372 ,920,670,620,500
MSOA,E02000541,Hounslow 016,E09000018,Hounslow,0.117 ,0.266 ,0.209 ,0.405 ,850,640,550,440
MSOA,E02000542,Hounslow 017,E09000018,Hounslow,0.100 ,0.287 ,0.193 ,0.450 ,870,670,590,460
MSOA,E02000543,Hounslow 018,E09000018,Hounslow,0.110 ,0.210 ,0.231 ,0.385 ,1010,730,660,530
MSOA,E02000544,Hounslow 019,E09000018,Hounslow,0.097 ,0.163 ,0.191 ,0.333 ,1030,710,640,600
MSOA,E02000545,Hounslow 020,E09000018,Hounslow,0.105 ,0.220 ,0.230 ,0.384 ,920,720,650,520
MSOA,E02000546,Hounslow 021,E09000018,Hounslow,0.128 ,0.255 ,0.227 ,0.391 ,910,660,580,480
MSOA,E02000547,Hounslow 022,E09000018,Hounslow,0.108 ,0.295 ,0.223 ,0.447 ,830,620,580,490
MSOA,E02000548,Hounslow 023,E09000018,Hounslow,0.117 ,0.256 ,0.227 ,0.369 ,760,590,530,450
MSOA,E02000549,Hounslow 024,E09000018,Hounslow,0.159 ,0.239 ,0.276 ,0.381 ,860,640,590,510
MSOA,E02000550,Hounslow 025,E09000018,Hounslow,0.149 ,0.233 ,0.276 ,0.411 ,860,660,590,490
MSOA,E02000551,Hounslow 026,E09000018,Hounslow,0.114 ,0.286 ,0.246 ,0.463 ,700,560,520,420
MSOA,E02000552,Hounslow 027,E09000018,Hounslow,0.121 ,0.294 ,0.258 ,0.420 ,930,700,630,540
MSOA,E02000553,Hounslow 028,E09000018,Hounslow,0.167 ,0.230 ,0.300 ,0.375 ,870,670,610,540
MSOA,E02006792,Hounslow 029,E09000018,Hounslow,0.059 ,0.176 ,0.167 ,0.250 ,1260,970,930,760
MSOA,E02000554,Islington 001,E09000019,Islington,0.110 ,0.249 ,0.265 ,0.390 ,750,640,580,440
MSOA,E02000555,Islington 002,E09000019,Islington,0.045 ,0.163 ,0.178 ,0.344 ,930,740,710,530
MSOA,E02000556,Islington 003,E09000019,Islington,0.086 ,0.268 ,0.183 ,0.387 ,900,660,650,490
MSOA,E02000557,Islington 004,E09000019,Islington,0.117 ,0.157 ,0.223 ,0.265 ,860,680,650,500
MSOA,E02000558,Islington 005,E09000019,Islington,0.132 ,0.258 ,0.242 ,0.446 ,640,550,490,370
MSOA,E02000559,Islington 006,E09000019,Islington,0.116 ,0.142 ,0.243 ,0.284 ,1230,850,820,620
MSOA,E02000560,Islington 007,E09000019,Islington,0.096 ,0.247 ,0.272 ,0.419 ,940,690,670,500
MSOA,E02000561,Islington 008,E09000019,Islington,0.049 ,0.112 ,0.146 ,0.216 ,1160,830,820,620
MSOA,E02000562,Islington 009,E09000019,Islington,0.064 ,0.186 ,0.232 ,0.339 ,980,730,730,540
MSOA,E02000563,Islington 010,E09000019,Islington,0.118 ,0.282 ,0.227 ,0.432 ,780,650,580,420
MSOA,E02000564,Islington 011,E09000019,Islington,0.128 ,0.212 ,0.275 ,0.351 ,980,740,700,500
MSOA,E02000565,Islington 012,E09000019,Islington,0.131 ,0.271 ,0.263 ,0.436 ,820,650,600,430
MSOA,E02000566,Islington 013,E09000019,Islington,0.085 ,0.215 ,0.226 ,0.271 ,1190,850,830,660
MSOA,E02000567,Islington 014,E09000019,Islington,0.133 ,0.185 ,0.261 ,0.366 ,990,750,720,530
MSOA,E02000568,Islington 015,E09000019,Islington,0.112 ,0.304 ,0.281 ,0.467 ,720,590,570,410
MSOA,E02000569,Islington 016,E09000019,Islington,0.100 ,0.288 ,0.192 ,0.465 ,920,730,750,530
MSOA,E02000570,Islington 017,E09000019,Islington,0.107 ,0.205 ,0.206 ,0.321 ,1240,880,850,660
MSOA,E02000571,Islington 018,E09000019,Islington,0.110 ,0.172 ,0.248 ,0.323 ,920,710,710,510
MSOA,E02000572,Islington 019,E09000019,Islington,0.146 ,0.215 ,0.279 ,0.409 ,690,610,570,380
MSOA,E02000573,Islington 020,E09000019,Islington,0.038 ,0.247 ,0.165 ,0.423 ,1170,830,850,640
MSOA,E02000574,Islington 021,E09000019,Islington,0.133 ,0.225 ,0.345 ,0.333 ,970,760,760,530
MSOA,E02000575,Islington 022,E09000019,Islington,0.104 ,0.214 ,0.233 ,0.351 ,930,720,770,510
MSOA,E02000576,Islington 023,E09000019,Islington,0.133 ,0.235 ,0.256 ,0.406 ,750,630,640,430
MSOA,E02000577,Kensington and Chelsea 001,E09000020,Kensington and Chelsea,0.129 ,0.199 ,0.267 ,0.350 ,690,630,550,390
MSOA,E02000578,Kensington and Chelsea 002,E09000020,Kensington and Chelsea,0.117 ,0.250 ,0.274 ,0.390 ,670,630,540,400
MSOA,E02000579,Kensington and Chelsea 003,E09000020,Kensington and Chelsea,0.097 ,0.167 ,0.253 ,0.359 ,900,700,690,520
MSOA,E02000580,Kensington and Chelsea 004,E09000020,Kensington and Chelsea,0.149 ,0.232 ,0.260 ,0.362 ,910,720,690,510
MSOA,E02000581,Kensington and Chelsea 005,E09000020,Kensington and Chelsea,0.106 ,0.281 ,0.212 ,0.419 ,700,640,570,420
MSOA,E02000582,Kensington and Chelsea 006,E09000020,Kensington and Chelsea, , ,0.143 , ,1230,860,840,650
MSOA,E02000583,Kensington and Chelsea 007,E09000020,Kensington and Chelsea,0.145 ,0.214 ,0.309 ,0.386 ,1290,970,890,730
MSOA,E02000584,Kensington and Chelsea 008,E09000020,Kensington and Chelsea,0.043 ,0.216 ,0.156 ,0.333 ,1380,1050,900,800
MSOA,E02000585,Kensington and Chelsea 009,E09000020,Kensington and Chelsea,0.134 ,0.156 ,0.278 ,0.281 ,1130,880,930,680
MSOA,E02000586,Kensington and Chelsea 010,E09000020,Kensington and Chelsea, , , , ,1350,1090,940,780
MSOA,E02000587,Kensington and Chelsea 011,E09000020,Kensington and Chelsea,0.066 ,0.235 ,0.217 ,0.382 ,1240,1000,900,740
MSOA,E02000588,Kensington and Chelsea 012,E09000020,Kensington and Chelsea, , , , ,1290,1020,960,790
MSOA,E02000589,Kensington and Chelsea 013,E09000020,Kensington and Chelsea, ,0.164 ,0.181 ,0.328 ,1100,880,880,690
MSOA,E02000590,Kensington and Chelsea 014,E09000020,Kensington and Chelsea,0.064 ,0.189 ,0.160 ,0.324 ,940,740,900,610
MSOA,E02000591,Kensington and Chelsea 015,E09000020,Kensington and Chelsea, ,0.189 ,0.231 ,0.302 ,880,700,710,520
MSOA,E02000592,Kensington and Chelsea 016,E09000020,Kensington and Chelsea, , ,0.210 , ,1360,1330,1030,910
MSOA,E02000593,Kensington and Chelsea 017,E09000020,Kensington and Chelsea, ,0.226 ,0.141 ,0.387 ,1070,830,810,620
MSOA,E02000594,Kensington and Chelsea 018,E09000020,Kensington and Chelsea, , ,0.196 , ,1220,1090,990,840
MSOA,E02000595,Kensington and Chelsea 019,E09000020,Kensington and Chelsea, , , , ,1150,850,830,690
MSOA,E02000596,Kensington and Chelsea 020,E09000020,Kensington and Chelsea, , ,0.145 , ,1320,980,940,760
MSOA,E02000597,Kensington and Chelsea 021,E09000020,Kensington and Chelsea,0.101 ,0.216 ,0.209 ,0.417 ,870,730,770,530
MSOA,E02000598,Kingston upon Thames 001,E09000021,Kingston upon Thames,0.035 ,0.117 ,0.135 ,0.228 ,1340,860,790,770
MSOA,E02000599,Kingston upon Thames 002,E09000021,Kingston upon Thames, ,0.160 ,0.147 ,0.319 ,1260,870,890,760
MSOA,E02000600,Kingston upon Thames 003,E09000021,Kingston upon Thames,0.047 ,0.188 ,0.145 ,0.329 ,1060,780,750,590
MSOA,E02000601,Kingston upon Thames 004,E09000021,Kingston upon Thames,0.035 ,0.124 ,0.116 ,0.236 ,1230,870,780,690
MSOA,E02000602,Kingston upon Thames 005,E09000021,Kingston upon Thames,0.098 ,0.221 ,0.228 ,0.324 ,920,700,660,510
MSOA,E02000603,Kingston upon Thames 006,E09000021,Kingston upon Thames,0.096 ,0.157 ,0.228 ,0.270 ,930,660,610,530
MSOA,E02000604,Kingston upon Thames 007,E09000021,Kingston upon Thames,0.063 ,0.143 ,0.192 ,0.276 ,1120,780,720,640
MSOA,E02000605,Kingston upon Thames 008,E09000021,Kingston upon Thames,0.051 ,0.104 ,0.142 ,0.248 ,1090,770,710,660
MSOA,E02000606,Kingston upon Thames 009,E09000021,Kingston upon Thames,0.053 ,0.187 ,0.183 ,0.268 ,1120,860,800,660
MSOA,E02000607,Kingston upon Thames 010,E09000021,Kingston upon Thames,0.034 ,0.101 ,0.138 ,0.232 ,1210,850,820,730
MSOA,E02000608,Kingston upon Thames 011,E09000021,Kingston upon Thames, , ,0.150 ,0.190 ,1170,850,810,660
MSOA,E02000609,Kingston upon Thames 012,E09000021,Kingston upon Thames,0.080 ,0.170 ,0.188 ,0.335 ,1040,740,700,600
MSOA,E02000610,Kingston upon Thames 013,E09000021,Kingston upon Thames,0.054 , ,0.168 ,0.250 ,970,690,670,560
MSOA,E02000611,Kingston upon Thames 014,E09000021,Kingston upon Thames,0.065 ,0.122 ,0.134 ,0.274 ,1220,830,700,700
MSOA,E02000612,Kingston upon Thames 015,E09000021,Kingston upon Thames,0.048 ,0.148 ,0.105 ,0.284 ,1140,780,710,690
MSOA,E02000613,Kingston upon Thames 016,E09000021,Kingston upon Thames,0.038 ,0.110 ,0.155 ,0.250 ,1130,770,730,640
MSOA,E02000614,Kingston upon Thames 017,E09000021,Kingston upon Thames,0.068 ,0.214 ,0.190 ,0.347 ,1000,720,630,580
MSOA,E02000615,Kingston upon Thames 018,E09000021,Kingston upon Thames,0.073 ,0.220 ,0.159 ,0.341 ,980,710,630,630
MSOA,E02000616,Kingston upon Thames 019,E09000021,Kingston upon Thames,0.094 ,0.244 ,0.180 ,0.318 ,1060,750,650,650
MSOA,E02000617,Kingston upon Thames 020,E09000021,Kingston upon Thames,0.086 ,0.247 ,0.195 ,0.390 ,900,690,600,550
MSOA,E02000619,Lambeth 002,E09000022,Lambeth,0.111 ,0.232 ,0.239 ,0.418 ,770,620,640,470
MSOA,E02000620,Lambeth 003,E09000022,Lambeth,0.119 ,0.250 ,0.238 ,0.423 ,900,720,690,510
MSOA,E02000621,Lambeth 004,E09000022,Lambeth,0.081 ,0.247 ,0.210 ,0.414 ,960,700,720,540
MSOA,E02000622,Lambeth 005,E09000022,Lambeth,0.117 ,0.275 ,0.244 ,0.427 ,950,700,670,510
MSOA,E02000623,Lambeth 006,E09000022,Lambeth,0.146 ,0.261 ,0.303 ,0.445 ,770,650,610,440
MSOA,E02000624,Lambeth 007,E09000022,Lambeth,0.175 ,0.291 ,0.282 ,0.456 ,730,590,550,410
MSOA,E02000625,Lambeth 008,E09000022,Lambeth,0.130 ,0.256 ,0.279 ,0.422 ,790,650,580,400
MSOA,E02000626,Lambeth 009,E09000022,Lambeth,0.129 ,0.252 ,0.262 ,0.407 ,670,550,490,350
MSOA,E02000627,Lambeth 010,E09000022,Lambeth,0.124 ,0.281 ,0.266 ,0.417 ,900,680,650,480
MSOA,E02000628,Lambeth 011,E09000022,Lambeth,0.133 ,0.268 ,0.263 ,0.420 ,670,560,490,360
MSOA,E02000629,Lambeth 012,E09000022,Lambeth,0.087 ,0.235 ,0.214 ,0.386 ,1150,760,740,560
MSOA,E02000630,Lambeth 013,E09000022,Lambeth,0.141 ,0.238 ,0.244 ,0.400 ,1280,860,800,650
MSOA,E02000631,Lambeth 014,E09000022,Lambeth,0.102 ,0.157 ,0.277 ,0.304 ,1050,760,710,570
MSOA,E02000632,Lambeth 015,E09000022,Lambeth,0.168 ,0.330 ,0.296 ,0.453 ,1370,830,770,610
MSOA,E02000633,Lambeth 016,E09000022,Lambeth,0.099 ,0.263 ,0.228 ,0.432 ,850,640,570,430
MSOA,E02000634,Lambeth 017,E09000022,Lambeth,0.146 ,0.267 ,0.265 ,0.438 ,940,670,640,490
MSOA,E02000635,Lambeth 018,E09000022,Lambeth,0.104 ,0.240 ,0.239 ,0.407 ,970,710,650,520
MSOA,E02000636,Lambeth 019,E09000022,Lambeth,0.078 ,0.232 ,0.157 ,0.378 ,1470,940,820,690
MSOA,E02000637,Lambeth 020,E09000022,Lambeth,0.108 ,0.229 ,0.202 ,0.379 ,1060,720,690,550
MSOA,E02000638,Lambeth 021,E09000022,Lambeth,0.129 ,0.216 ,0.257 ,0.355 ,820,640,590,460
MSOA,E02000639,Lambeth 022,E09000022,Lambeth,0.175 ,0.278 ,0.288 ,0.450 ,740,630,560,420
MSOA,E02000640,Lambeth 023,E09000022,Lambeth,0.059 ,0.239 ,0.150 ,0.347 ,1230,850,790,670
MSOA,E02000641,Lambeth 024,E09000022,Lambeth,0.147 ,0.263 ,0.314 ,0.405 ,740,630,540,400
MSOA,E02000642,Lambeth 025,E09000022,Lambeth,0.092 ,0.174 ,0.217 ,0.384 ,880,690,680,550
MSOA,E02000643,Lambeth 026,E09000022,Lambeth,0.140 ,0.196 ,0.240 ,0.332 ,940,710,660,520
MSOA,E02000644,Lambeth 027,E09000022,Lambeth,0.108 ,0.185 ,0.202 ,0.286 ,1000,750,690,560
MSOA,E02000645,Lambeth 028,E09000022,Lambeth,0.098 ,0.246 ,0.211 ,0.400 ,940,700,670,520
MSOA,E02000646,Lambeth 029,E09000022,Lambeth,0.063 ,0.199 ,0.146 ,0.369 ,1050,720,730,560
MSOA,E02000647,Lambeth 030,E09000022,Lambeth,0.095 ,0.220 ,0.222 ,0.355 ,950,700,680,570
MSOA,E02000648,Lambeth 031,E09000022,Lambeth,0.106 ,0.253 ,0.204 ,0.402 ,740,580,540,430
MSOA,E02000649,Lambeth 032,E09000022,Lambeth,0.083 ,0.232 ,0.240 ,0.414 ,930,690,650,490
MSOA,E02000650,Lambeth 033,E09000022,Lambeth,0.121 ,0.256 ,0.230 ,0.438 ,860,670,630,500
MSOA,E02000651,Lambeth 034,E09000022,Lambeth,0.098 ,0.192 ,0.189 ,0.363 ,900,680,670,530
MSOA,E02000652,Lambeth 035,E09000022,Lambeth,0.093 ,0.254 ,0.182 ,0.435 ,910,600,570,490
MSOA,E02006801,Lambeth 036,E09000022,Lambeth,0.143 ,0.211 ,0.242 ,0.385 ,1020,780,860,600
MSOA,E02000653,Lewisham 001,E09000023,Lewisham,0.131 ,0.282 ,0.289 ,0.475 ,780,630,570,400
MSOA,E02000654,Lewisham 002,E09000023,Lewisham,0.136 ,0.259 ,0.294 ,0.402 ,630,560,510,360
MSOA,E02000655,Lewisham 003,E09000023,Lewisham,0.136 ,0.276 ,0.302 ,0.425 ,740,600,550,410
MSOA,E02000657,Lewisham 005,E09000023,Lewisham,0.076 ,0.272 ,0.232 ,0.447 ,830,640,610,440
MSOA,E02000658,Lewisham 006,E09000023,Lewisham,0.127 ,0.241 ,0.250 ,0.414 ,890,690,640,490
MSOA,E02000659,Lewisham 007,E09000023,Lewisham,0.114 ,0.211 ,0.282 ,0.319 ,1060,800,790,610
MSOA,E02000660,Lewisham 008,E09000023,Lewisham,0.130 ,0.237 ,0.250 ,0.372 ,1010,740,700,520
MSOA,E02000661,Lewisham 009,E09000023,Lewisham,0.072 ,0.250 ,0.157 ,0.400 ,1090,770,750,640
MSOA,E02000662,Lewisham 010,E09000023,Lewisham,0.103 ,0.227 ,0.234 ,0.423 ,810,640,570,450
MSOA,E02000663,Lewisham 011,E09000023,Lewisham,0.059 ,0.287 ,0.188 ,0.382 ,940,700,670,530
MSOA,E02000664,Lewisham 012,E09000023,Lewisham,0.120 ,0.249 ,0.261 ,0.455 ,740,600,570,430
MSOA,E02000665,Lewisham 013,E09000023,Lewisham,0.100 ,0.221 ,0.203 ,0.331 ,1000,720,690,570
MSOA,E02000666,Lewisham 014,E09000023,Lewisham,0.084 ,0.231 ,0.211 ,0.379 ,1020,710,680,550
MSOA,E02000667,Lewisham 015,E09000023,Lewisham,0.068 ,0.195 ,0.192 ,0.333 ,1080,730,720,640
MSOA,E02000668,Lewisham 016,E09000023,Lewisham,0.068 ,0.156 ,0.180 ,0.307 ,1060,760,730,610
MSOA,E02000669,Lewisham 017,E09000023,Lewisham,0.119 ,0.258 ,0.253 ,0.458 ,990,730,700,530
MSOA,E02000670,Lewisham 018,E09000023,Lewisham,0.139 ,0.194 ,0.287 ,0.314 ,820,640,610,480
MSOA,E02000671,Lewisham 019,E09000023,Lewisham,0.068 ,0.197 ,0.208 ,0.363 ,1010,730,700,580
MSOA,E02000672,Lewisham 020,E09000023,Lewisham,0.136 ,0.206 ,0.262 ,0.350 ,770,590,590,470
MSOA,E02000673,Lewisham 021,E09000023,Lewisham,0.093 ,0.156 ,0.226 ,0.382 ,1130,820,780,630
MSOA,E02000674,Lewisham 022,E09000023,Lewisham,0.097 ,0.250 ,0.202 ,0.383 ,950,660,640,540
MSOA,E02000675,Lewisham 023,E09000023,Lewisham,0.081 ,0.240 ,0.211 ,0.349 ,940,720,650,560
MSOA,E02000676,Lewisham 024,E09000023,Lewisham,0.083 ,0.229 ,0.211 ,0.360 ,1010,750,710,580
MSOA,E02000677,Lewisham 025,E09000023,Lewisham,0.119 ,0.195 ,0.244 ,0.288 ,940,700,650,530
MSOA,E02000678,Lewisham 026,E09000023,Lewisham,0.097 ,0.259 ,0.252 ,0.420 ,850,600,560,470
MSOA,E02000679,Lewisham 027,E09000023,Lewisham,0.110 ,0.250 ,0.247 ,0.366 ,820,650,630,510
MSOA,E02000680,Lewisham 028,E09000023,Lewisham,0.088 ,0.292 ,0.237 ,0.406 ,800,630,630,490
MSOA,E02000681,Lewisham 029,E09000023,Lewisham,0.090 ,0.280 ,0.216 ,0.448 ,780,620,560,480
MSOA,E02000682,Lewisham 030,E09000023,Lewisham,0.148 ,0.242 ,0.281 ,0.410 ,750,630,570,480
MSOA,E02000683,Lewisham 031,E09000023,Lewisham,0.134 ,0.244 ,0.312 ,0.371 ,730,600,530,460
MSOA,E02000685,Lewisham 033,E09000023,Lewisham,0.114 ,0.278 ,0.278 ,0.408 ,860,690,650,540
MSOA,E02000686,Lewisham 034,E09000023,Lewisham,0.147 ,0.284 ,0.282 ,0.462 ,710,580,530,420
MSOA,E02000687,Lewisham 035,E09000023,Lewisham,0.097 ,0.270 ,0.267 ,0.423 ,780,650,640,510
MSOA,E02006783,Lewisham 037,E09000023,Lewisham,0.141 ,0.307 ,0.310 ,0.443 ,770,580,520,450
MSOA,E02006784,Lewisham 038,E09000023,Lewisham,0.099 ,0.217 ,0.268 ,0.357 ,730,570,530,460
MSOA,E02006798,Lewisham 039,E09000023,Lewisham,0.172 ,0.273 ,0.278 ,0.445 ,710,580,530,370
MSOA,E02000689,Merton 001,E09000024,Merton,0.041 ,0.105 ,0.202 ,0.238 ,1480,920,840,750
MSOA,E02000690,Merton 002,E09000024,Merton, , , , ,1340,1180,890,960
MSOA,E02000691,Merton 003,E09000024,Merton,0.064 ,0.143 ,0.173 ,0.252 ,1420,940,840,730
MSOA,E02000692,Merton 004,E09000024,Merton, , , , ,1370,1010,830,780
MSOA,E02000693,Merton 005,E09000024,Merton,0.078 ,0.132 ,0.180 ,0.339 ,1140,850,760,670
MSOA,E02000694,Merton 006,E09000024,Merton,0.064 ,0.190 ,0.162 ,0.367 ,1240,820,720,660
MSOA,E02000695,Merton 007,E09000024,Merton,0.111 ,0.262 ,0.219 ,0.411 ,1060,740,670,580
MSOA,E02000696,Merton 008,E09000024,Merton,0.117 ,0.244 ,0.231 ,0.407 ,880,660,610,500
MSOA,E02000697,Merton 009,E09000024,Merton, ,0.135 ,0.165 ,0.263 ,1460,940,870,830
MSOA,E02000698,Merton 010,E09000024,Merton, ,0.088 ,0.092 ,0.192 ,1400,960,830,800
MSOA,E02000699,Merton 011,E09000024,Merton, ,0.056 ,0.127 ,0.218 ,1490,1150,950,930
MSOA,E02000700,Merton 012,E09000024,Merton,0.106 ,0.224 ,0.233 ,0.380 ,850,650,610,490
MSOA,E02000701,Merton 013,E09000024,Merton,0.137 ,0.273 ,0.254 ,0.390 ,750,600,540,470
MSOA,E02000702,Merton 014,E09000024,Merton,0.151 ,0.305 ,0.269 ,0.444 ,800,620,590,490
MSOA,E02000703,Merton 015,E09000024,Merton,0.069 ,0.109 ,0.157 ,0.277 ,1290,830,760,720
MSOA,E02000704,Merton 016,E09000024,Merton,0.057 ,0.207 ,0.152 ,0.348 ,1100,780,730,640
MSOA,E02000705,Merton 017,E09000024,Merton,0.117 ,0.198 ,0.210 ,0.351 ,890,620,590,520
MSOA,E02000706,Merton 018,E09000024,Merton,0.131 ,0.232 ,0.254 ,0.397 ,690,580,510,400
MSOA,E02000707,Merton 019,E09000024,Merton,0.123 ,0.263 ,0.267 ,0.433 ,780,600,570,480
MSOA,E02000708,Merton 020,E09000024,Merton,0.050 ,0.183 ,0.168 ,0.321 ,1180,780,710,650
MSOA,E02000709,Merton 021,E09000024,Merton,0.048 ,0.201 ,0.153 ,0.336 ,1110,770,680,640
MSOA,E02000710,Merton 022,E09000024,Merton,0.127 ,0.259 ,0.257 ,0.410 ,750,610,570,490
MSOA,E02000711,Merton 023,E09000024,Merton,0.107 ,0.235 ,0.288 ,0.407 ,860,620,580,510
MSOA,E02000712,Merton 024,E09000024,Merton,0.116 ,0.215 ,0.256 ,0.337 ,810,620,560,500
MSOA,E02000713,Merton 025,E09000024,Merton,0.102 ,0.186 ,0.254 ,0.351 ,1010,730,620,620
MSOA,E02000714,Newham 001,E09000025,Newham,0.167 ,0.234 ,0.284 ,0.413 ,810,600,540,420
MSOA,E02000715,Newham 002,E09000025,Newham,0.123 ,0.267 ,0.270 ,0.437 ,730,580,480,370
MSOA,E02000716,Newham 003,E09000025,Newham,0.113 ,0.248 ,0.188 ,0.434 ,760,590,510,380
MSOA,E02000717,Newham 004,E09000025,Newham,0.145 ,0.258 ,0.251 ,0.425 ,750,600,490,360
MSOA,E02000718,Newham 005,E09000025,Newham,0.117 ,0.274 ,0.204 ,0.421 ,680,590,480,360
MSOA,E02000719,Newham 006,E09000025,Newham,0.155 ,0.282 ,0.295 ,0.408 ,740,560,510,390
MSOA,E02000720,Newham 007,E09000025,Newham,0.104 ,0.274 ,0.236 ,0.383 ,890,660,570,430
MSOA,E02000721,Newham 008,E09000025,Newham,0.135 ,0.244 ,0.221 ,0.381 ,720,560,480,340
MSOA,E02000722,Newham 009,E09000025,Newham,0.109 ,0.289 ,0.195 ,0.449 ,830,590,550,410
MSOA,E02000723,Newham 010,E09000025,Newham,0.107 ,0.252 ,0.193 ,0.387 ,840,600,510,400
MSOA,E02000724,Newham 011,E09000025,Newham,0.089 ,0.245 ,0.169 ,0.380 ,780,590,500,390
MSOA,E02000725,Newham 012,E09000025,Newham,0.065 ,0.219 ,0.187 ,0.332 ,810,600,560,400
MSOA,E02000726,Newham 013,E09000025,Newham,0.150 ,0.238 ,0.250 ,0.378 ,850,630,570,410
MSOA,E02000727,Newham 014,E09000025,Newham,0.091 ,0.266 ,0.178 ,0.405 ,800,560,510,370
MSOA,E02000728,Newham 015,E09000025,Newham,0.115 ,0.239 ,0.232 ,0.440 ,810,570,500,390
MSOA,E02000729,Newham 016,E09000025,Newham,0.122 ,0.182 ,0.229 ,0.308 ,850,650,540,400
MSOA,E02000730,Newham 017,E09000025,Newham,0.118 ,0.187 ,0.213 ,0.357 ,760,580,500,350
MSOA,E02000731,Newham 018,E09000025,Newham,0.137 ,0.256 ,0.214 ,0.427 ,790,560,490,380
MSOA,E02000732,Newham 019,E09000025,Newham,0.119 ,0.266 ,0.255 ,0.407 ,700,550,470,350
MSOA,E02000733,Newham 020,E09000025,Newham,0.124 ,0.291 ,0.244 ,0.448 ,750,610,530,400
MSOA,E02000734,Newham 021,E09000025,Newham,0.160 ,0.252 ,0.308 ,0.391 ,710,580,500,370
MSOA,E02000735,Newham 022,E09000025,Newham,0.119 ,0.220 ,0.237 ,0.328 ,700,530,470,350
MSOA,E02000736,Newham 023,E09000025,Newham,0.074 ,0.259 ,0.162 ,0.386 ,720,550,480,380
MSOA,E02000737,Newham 024,E09000025,Newham,0.126 ,0.256 ,0.206 ,0.388 ,770,600,500,410
MSOA,E02000738,Newham 025,E09000025,Newham,0.121 ,0.295 ,0.208 ,0.443 ,850,580,520,420
MSOA,E02000739,Newham 026,E09000025,Newham,0.145 ,0.293 ,0.273 ,0.424 ,720,550,480,370
MSOA,E02000740,Newham 027,E09000025,Newham,0.101 ,0.282 ,0.199 ,0.392 ,700,540,500,370
MSOA,E02000741,Newham 028,E09000025,Newham,0.152 ,0.270 ,0.289 ,0.408 ,730,560,490,390
MSOA,E02000742,Newham 029,E09000025,Newham,0.123 ,0.271 ,0.221 ,0.401 ,750,580,490,390
MSOA,E02000743,Newham 030,E09000025,Newham,0.167 ,0.316 ,0.339 ,0.469 ,630,530,460,340
MSOA,E02000744,Newham 031,E09000025,Newham,0.152 ,0.305 ,0.299 ,0.452 ,680,500,470,370
MSOA,E02000745,Newham 032,E09000025,Newham,0.129 ,0.235 ,0.239 ,0.406 ,790,590,510,390
MSOA,E02000746,Newham 033,E09000025,Newham,0.129 ,0.224 ,0.241 ,0.404 ,720,570,480,350
MSOA,E02000747,Newham 034,E09000025,Newham,0.153 ,0.251 ,0.271 ,0.417 ,770,630,560,400
MSOA,E02000748,Newham 035,E09000025,Newham,0.126 ,0.204 ,0.274 ,0.330 ,760,560,510,400
MSOA,E02000749,Newham 036,E09000025,Newham,0.130 ,0.288 ,0.294 ,0.445 ,660,550,470,350
MSOA,E02000750,Newham 037,E09000025,Newham,0.124 ,0.314 ,0.244 ,0.416 ,820,680,590,440
MSOA,E02000751,Redbridge 001,E09000026,Redbridge,0.075 ,0.123 ,0.177 ,0.217 ,1120,800,760,660
MSOA,E02000752,Redbridge 002,E09000026,Redbridge,0.123 ,0.299 ,0.311 ,0.428 ,720,580,510,450
MSOA,E02000753,Redbridge 003,E09000026,Redbridge,0.070 ,0.220 ,0.195 ,0.378 ,850,640,580,510
MSOA,E02000754,Redbridge 004,E09000026,Redbridge,0.086 ,0.164 ,0.213 ,0.382 ,1000,710,660,580
MSOA,E02000755,Redbridge 005,E09000026,Redbridge,0.109 ,0.201 ,0.261 ,0.322 ,910,680,610,560
MSOA,E02000756,Redbridge 006,E09000026,Redbridge,0.113 ,0.265 ,0.224 ,0.419 ,860,670,630,530
MSOA,E02000757,Redbridge 007,E09000026,Redbridge,0.079 ,0.156 ,0.192 ,0.301 ,1200,870,770,680
MSOA,E02000758,Redbridge 008,E09000026,Redbridge,0.101 ,0.272 ,0.232 ,0.397 ,870,660,570,500
MSOA,E02000759,Redbridge 009,E09000026,Redbridge,0.089 ,0.213 ,0.217 ,0.368 ,980,750,670,580
MSOA,E02000760,Redbridge 010,E09000026,Redbridge,0.095 ,0.255 ,0.205 ,0.403 ,850,630,580,490
MSOA,E02000762,Redbridge 012,E09000026,Redbridge,0.078 ,0.255 ,0.179 ,0.435 ,1030,780,650,580
MSOA,E02000763,Redbridge 013,E09000026,Redbridge,0.129 ,0.212 ,0.211 ,0.355 ,920,660,590,510
MSOA,E02000764,Redbridge 014,E09000026,Redbridge,0.056 ,0.138 ,0.160 ,0.266 ,1050,770,720,630
MSOA,E02000765,Redbridge 015,E09000026,Redbridge,0.074 ,0.179 ,0.191 ,0.350 ,1000,730,630,540
MSOA,E02000767,Redbridge 017,E09000026,Redbridge,0.101 ,0.216 ,0.185 ,0.328 ,920,700,600,530
MSOA,E02000768,Redbridge 018,E09000026,Redbridge,0.114 ,0.226 ,0.248 ,0.298 ,1230,830,780,690
MSOA,E02000769,Redbridge 019,E09000026,Redbridge,0.136 ,0.274 ,0.290 ,0.422 ,760,640,590,490
MSOA,E02000770,Redbridge 020,E09000026,Redbridge,0.121 ,0.196 ,0.219 ,0.381 ,860,640,550,450
MSOA,E02000772,Redbridge 022,E09000026,Redbridge,0.104 ,0.253 ,0.181 ,0.396 ,880,640,600,480
MSOA,E02000773,Redbridge 023,E09000026,Redbridge,0.171 ,0.247 ,0.257 ,0.395 ,910,670,600,480
MSOA,E02000774,Redbridge 024,E09000026,Redbridge,0.072 ,0.270 ,0.182 ,0.433 ,830,630,540,430
MSOA,E02000776,Redbridge 026,E09000026,Redbridge,0.091 ,0.233 ,0.165 ,0.390 ,890,680,590,470
MSOA,E02000777,Redbridge 027,E09000026,Redbridge,0.075 ,0.160 ,0.206 ,0.266 ,1050,740,700,610
MSOA,E02000779,Redbridge 029,E09000026,Redbridge,0.103 ,0.259 ,0.184 ,0.366 ,810,640,580,430
MSOA,E02000780,Redbridge 030,E09000026,Redbridge,0.109 ,0.209 ,0.191 ,0.367 ,790,610,530,400
MSOA,E02000781,Redbridge 031,E09000026,Redbridge,0.126 ,0.231 ,0.227 ,0.376 ,840,640,570,470
MSOA,E02000782,Redbridge 032,E09000026,Redbridge,0.109 ,0.269 ,0.227 ,0.415 ,720,550,490,370
MSOA,E02000783,Redbridge 033,E09000026,Redbridge,0.130 ,0.243 ,0.224 ,0.406 ,700,540,460,360
MSOA,E02006800,Redbridge 034,E09000026,Redbridge,0.130 ,0.225 ,0.228 ,0.372 ,830,630,560,450
MSOA,E02006924,Redbridge 035,E09000026,Redbridge,0.122 ,0.187 ,0.228 ,0.348 ,920,720,610,530
MSOA,E02006925,Redbridge 036,E09000026,Redbridge,0.069 ,0.231 ,0.155 ,0.401 ,1000,740,620,550
MSOA,E02000784,Richmond upon Thames 001,E09000027,Richmond upon Thames,0.048 ,0.147 ,0.181 ,0.267 ,1250,890,840,750
MSOA,E02000785,Richmond upon Thames 002,E09000027,Richmond upon Thames,0.046 ,0.071 ,0.125 ,0.193 ,1450,990,840,820
MSOA,E02000786,Richmond upon Thames 003,E09000027,Richmond upon Thames,0.053 ,0.113 ,0.143 ,0.236 ,1240,870,800,720
MSOA,E02000787,Richmond upon Thames 004,E09000027,Richmond upon Thames,0.044 ,0.144 ,0.153 ,0.259 ,1180,860,790,700
MSOA,E02000788,Richmond upon Thames 005,E09000027,Richmond upon Thames,0.048 ,0.093 ,0.154 ,0.209 ,1420,950,850,810
MSOA,E02000789,Richmond upon Thames 006,E09000027,Richmond upon Thames,0.053 ,0.134 ,0.165 ,0.237 ,1250,890,800,710
MSOA,E02000790,Richmond upon Thames 007,E09000027,Richmond upon Thames,0.030 ,0.081 ,0.120 ,0.222 ,1620,1040,880,940
MSOA,E02000791,Richmond upon Thames 008,E09000027,Richmond upon Thames,0.048 , ,0.184 ,0.136 ,1430,1300,930,940
MSOA,E02000792,Richmond upon Thames 009,E09000027,Richmond upon Thames,0.039 , ,0.117 ,0.174 ,1370,1000,820,820
MSOA,E02000793,Richmond upon Thames 010,E09000027,Richmond upon Thames,0.102 ,0.149 ,0.193 ,0.316 ,1100,770,710,640
MSOA,E02000794,Richmond upon Thames 011,E09000027,Richmond upon Thames,0.053 ,0.106 ,0.170 ,0.259 ,1350,910,800,750
MSOA,E02000795,Richmond upon Thames 012,E09000027,Richmond upon Thames,0.031 ,0.092 ,0.110 ,0.211 ,1330,890,810,760
MSOA,E02000796,Richmond upon Thames 013,E09000027,Richmond upon Thames,0.096 ,0.189 ,0.236 ,0.334 ,950,700,650,580
MSOA,E02000797,Richmond upon Thames 014,E09000027,Richmond upon Thames,0.041 ,0.142 ,0.155 ,0.242 ,1390,930,790,730
MSOA,E02000798,Richmond upon Thames 015,E09000027,Richmond upon Thames,0.053 ,0.108 ,0.145 ,0.263 ,1200,820,750,700
MSOA,E02000799,Richmond upon Thames 016,E09000027,Richmond upon Thames,0.061 ,0.057 ,0.194 ,0.164 ,1520,1000,890,790
MSOA,E02000800,Richmond upon Thames 017,E09000027,Richmond upon Thames,0.056 ,0.135 ,0.152 ,0.245 ,1060,770,700,630
MSOA,E02000801,Richmond upon Thames 018,E09000027,Richmond upon Thames,0.051 ,0.096 ,0.205 ,0.242 ,1390,950,860,770
MSOA,E02000802,Richmond upon Thames 019,E09000027,Richmond upon Thames,0.064 ,0.071 ,0.192 ,0.191 ,1220,830,790,720
MSOA,E02000803,Richmond upon Thames 020,E09000027,Richmond upon Thames,0.078 ,0.197 ,0.233 ,0.313 ,980,690,700,620
MSOA,E02000804,Richmond upon Thames 021,E09000027,Richmond upon Thames,0.076 ,0.063 ,0.185 ,0.161 ,1240,870,790,730
MSOA,E02000805,Richmond upon Thames 022,E09000027,Richmond upon Thames,0.064 ,0.101 ,0.193 ,0.188 ,1130,840,800,680
MSOA,E02000806,Richmond upon Thames 023,E09000027,Richmond upon Thames,0.053 ,0.146 ,0.155 ,0.307 ,1180,840,780,710
MSOA,E02000807,Southwark 001,E09000028,Southwark,0.094 ,0.196 ,0.221 ,0.336 ,1280,850,830,640
MSOA,E02000808,Southwark 002,E09000028,Southwark,0.130 ,0.178 ,0.237 ,0.411 ,1030,780,770,540
MSOA,E02000809,Southwark 003,E09000028,Southwark,0.148 ,0.260 ,0.222 ,0.433 ,1350,990,920,680
MSOA,E02000810,Southwark 004,E09000028,Southwark,0.107 ,0.275 ,0.253 ,0.514 ,770,630,590,440
MSOA,E02000812,Southwark 006,E09000028,Southwark,0.124 ,0.223 ,0.265 ,0.379 ,820,660,640,440
MSOA,E02000813,Southwark 007,E09000028,Southwark,0.101 ,0.303 ,0.231 ,0.485 ,760,650,590,420
MSOA,E02000814,Southwark 008,E09000028,Southwark,0.079 ,0.269 ,0.198 ,0.420 ,1160,820,780,590
MSOA,E02000815,Southwark 009,E09000028,Southwark,0.123 ,0.226 ,0.257 ,0.358 ,980,750,670,440
MSOA,E02000816,Southwark 010,E09000028,Southwark,0.129 ,0.259 ,0.240 ,0.434 ,760,600,590,430
MSOA,E02000817,Southwark 011,E09000028,Southwark,0.121 ,0.337 ,0.318 ,0.491 ,640,540,500,370
MSOA,E02000818,Southwark 012,E09000028,Southwark,0.182 ,0.362 ,0.340 ,0.508 ,730,620,550,380
MSOA,E02000819,Southwark 013,E09000028,Southwark,0.104 ,0.333 ,0.283 ,0.468 ,730,610,550,390
MSOA,E02000820,Southwark 014,E09000028,Southwark,0.129 ,0.255 ,0.295 ,0.425 ,830,660,610,450
MSOA,E02000821,Southwark 015,E09000028,Southwark,0.173 ,0.329 ,0.301 ,0.483 ,690,590,530,380
MSOA,E02000822,Southwark 016,E09000028,Southwark,0.202 ,0.290 ,0.327 ,0.450 ,640,560,510,370
MSOA,E02000823,Southwark 017,E09000028,Southwark,0.141 ,0.304 ,0.331 ,0.456 ,800,650,580,430
MSOA,E02000824,Southwark 018,E09000028,Southwark,0.137 ,0.290 ,0.271 ,0.487 ,650,580,520,390
MSOA,E02000825,Southwark 019,E09000028,Southwark,0.153 ,0.292 ,0.279 ,0.489 ,700,630,520,370
MSOA,E02000826,Southwark 020,E09000028,Southwark,0.157 ,0.285 ,0.299 ,0.452 ,740,610,550,390
MSOA,E02000827,Southwark 021,E09000028,Southwark,0.157 ,0.308 ,0.324 ,0.468 ,640,580,500,370
MSOA,E02000828,Southwark 022,E09000028,Southwark,0.181 ,0.336 ,0.326 ,0.489 ,710,590,540,390
MSOA,E02000829,Southwark 023,E09000028,Southwark,0.163 ,0.262 ,0.317 ,0.438 ,690,590,520,400
MSOA,E02000830,Southwark 024,E09000028,Southwark,0.075 ,0.238 ,0.219 ,0.364 ,1010,720,700,530
MSOA,E02000831,Southwark 025,E09000028,Southwark,0.107 ,0.268 ,0.223 ,0.402 ,920,680,640,520
MSOA,E02000832,Southwark 026,E09000028,Southwark,0.150 ,0.270 ,0.287 ,0.456 ,730,590,540,440
MSOA,E02000833,Southwark 027,E09000028,Southwark,0.105 ,0.280 ,0.250 ,0.455 ,960,770,690,520
MSOA,E02000834,Southwark 028,E09000028,Southwark,0.073 ,0.183 ,0.230 ,0.344 ,1230,840,780,660
MSOA,E02000835,Southwark 029,E09000028,Southwark,0.070 ,0.222 ,0.179 ,0.389 ,960,730,670,540
MSOA,E02000836,Southwark 030,E09000028,Southwark,0.053 ,0.143 ,0.168 ,0.259 ,1250,850,770,650
MSOA,E02000837,Southwark 031,E09000028,Southwark,0.065 ,0.127 ,0.187 ,0.249 ,1420,910,810,780
MSOA,E02000838,Southwark 032,E09000028,Southwark,0.104 ,0.178 ,0.216 ,0.320 ,1080,810,750,610
MSOA,E02000839,Southwark 033,E09000028,Southwark,0.143 ,0.292 ,0.295 ,0.455 ,1020,760,780,610
MSOA,E02006802,Southwark 034,E09000028,Southwark,0.115 ,0.247 ,0.267 ,0.377 ,870,700,730,470
MSOA,E02000840,Sutton 001,E09000029,Sutton,0.111 ,0.231 ,0.213 ,0.412 ,720,540,500,420
MSOA,E02000841,Sutton 002,E09000029,Sutton,0.109 ,0.256 ,0.247 ,0.401 ,790,610,530,460
MSOA,E02000842,Sutton 003,E09000029,Sutton,0.080 ,0.215 ,0.177 ,0.371 ,960,720,620,610
MSOA,E02000843,Sutton 004,E09000029,Sutton,0.073 ,0.244 ,0.175 ,0.411 ,900,700,640,550
MSOA,E02000844,Sutton 005,E09000029,Sutton,0.111 ,0.258 ,0.231 ,0.394 ,850,650,570,520
MSOA,E02000845,Sutton 006,E09000029,Sutton,0.068 ,0.119 ,0.184 ,0.257 ,1010,730,660,620
MSOA,E02000846,Sutton 007,E09000029,Sutton,0.076 ,0.192 ,0.198 ,0.324 ,1010,700,630,590
MSOA,E02000847,Sutton 008,E09000029,Sutton,0.067 ,0.170 ,0.228 ,0.308 ,970,730,630,590
MSOA,E02000848,Sutton 009,E09000029,Sutton,0.080 ,0.161 ,0.192 ,0.290 ,1020,720,630,600
MSOA,E02000849,Sutton 010,E09000029,Sutton,0.069 ,0.165 ,0.188 ,0.326 ,960,730,660,600
MSOA,E02000850,Sutton 011,E09000029,Sutton,0.063 ,0.204 ,0.182 ,0.350 ,1030,750,670,640
MSOA,E02000851,Sutton 012,E09000029,Sutton,0.096 ,0.224 ,0.258 ,0.336 ,780,630,600,500
MSOA,E02000852,Sutton 013,E09000029,Sutton,0.088 ,0.155 ,0.205 ,0.320 ,1000,730,650,610
MSOA,E02000853,Sutton 014,E09000029,Sutton,0.086 ,0.189 ,0.178 ,0.344 ,980,710,640,600
MSOA,E02000854,Sutton 015,E09000029,Sutton,0.059 ,0.139 ,0.200 ,0.320 ,1120,770,710,640
MSOA,E02000855,Sutton 016,E09000029,Sutton,0.067 ,0.143 ,0.152 ,0.306 ,1200,810,750,710
MSOA,E02000856,Sutton 017,E09000029,Sutton,0.062 ,0.161 ,0.189 ,0.327 ,940,740,680,600
MSOA,E02000857,Sutton 018,E09000029,Sutton,0.089 ,0.183 ,0.226 ,0.317 ,940,720,690,600
MSOA,E02000858,Sutton 019,E09000029,Sutton,0.097 ,0.250 ,0.215 ,0.398 ,740,600,550,460
MSOA,E02000859,Sutton 020,E09000029,Sutton,0.083 ,0.217 ,0.201 ,0.310 ,950,710,690,580
MSOA,E02000860,Sutton 021,E09000029,Sutton,0.108 ,0.199 ,0.216 ,0.313 ,830,640,650,540
MSOA,E02000861,Sutton 022,E09000029,Sutton,0.041 ,0.140 ,0.155 ,0.275 ,1340,890,820,750
MSOA,E02000863,Sutton 024,E09000029,Sutton,0.067 ,0.167 ,0.159 ,0.340 ,1130,770,750,660
MSOA,E02006836,Sutton 025,E09000029,Sutton,0.065 ,0.135 ,0.142 ,0.281 ,1190,860,770,700
MSOA,E02000864,Tower Hamlets 001,E09000030,Tower Hamlets,0.143 ,0.283 ,0.250 ,0.443 ,710,600,510,380
MSOA,E02000865,Tower Hamlets 002,E09000030,Tower Hamlets,0.144 ,0.269 ,0.243 ,0.400 ,730,590,530,370
MSOA,E02000866,Tower Hamlets 003,E09000030,Tower Hamlets,0.125 ,0.205 ,0.242 ,0.354 ,930,700,610,460
MSOA,E02000867,Tower Hamlets 004,E09000030,Tower Hamlets,0.112 ,0.226 ,0.250 ,0.437 ,930,690,620,430
MSOA,E02000868,Tower Hamlets 005,E09000030,Tower Hamlets,0.188 ,0.258 ,0.309 ,0.421 ,870,690,580,410
MSOA,E02000869,Tower Hamlets 006,E09000030,Tower Hamlets,0.186 ,0.254 ,0.263 ,0.406 ,830,650,580,440
MSOA,E02000870,Tower Hamlets 007,E09000030,Tower Hamlets,0.155 ,0.238 ,0.291 ,0.402 ,850,670,560,410
MSOA,E02000871,Tower Hamlets 008,E09000030,Tower Hamlets,0.137 ,0.258 ,0.224 ,0.413 ,690,610,490,330
MSOA,E02000872,Tower Hamlets 009,E09000030,Tower Hamlets,0.116 ,0.282 ,0.288 ,0.431 ,860,640,570,400
MSOA,E02000873,Tower Hamlets 010,E09000030,Tower Hamlets,0.134 ,0.217 ,0.274 ,0.365 ,770,640,530,350
MSOA,E02000874,Tower Hamlets 011,E09000030,Tower Hamlets,0.122 ,0.259 ,0.268 ,0.464 ,730,630,490,340
MSOA,E02000875,Tower Hamlets 012,E09000030,Tower Hamlets,0.112 ,0.247 ,0.228 ,0.394 ,720,600,520,350
MSOA,E02000876,Tower Hamlets 013,E09000030,Tower Hamlets,0.147 ,0.253 ,0.289 ,0.484 ,770,580,500,320
MSOA,E02000877,Tower Hamlets 014,E09000030,Tower Hamlets,0.131 ,0.311 ,0.229 ,0.470 ,750,630,500,340
MSOA,E02000878,Tower Hamlets 015,E09000030,Tower Hamlets,0.142 ,0.243 ,0.233 ,0.377 ,860,660,600,400
MSOA,E02000879,Tower Hamlets 016,E09000030,Tower Hamlets,0.147 ,0.232 ,0.246 ,0.408 ,690,620,490,360
MSOA,E02000880,Tower Hamlets 017,E09000030,Tower Hamlets,0.115 ,0.290 ,0.221 ,0.440 ,730,600,480,330
MSOA,E02000881,Tower Hamlets 018,E09000030,Tower Hamlets,0.134 ,0.253 ,0.242 ,0.392 ,650,600,500,350
MSOA,E02000882,Tower Hamlets 019,E09000030,Tower Hamlets,0.116 ,0.278 ,0.204 ,0.378 ,690,630,480,350
MSOA,E02000883,Tower Hamlets 020,E09000030,Tower Hamlets,0.124 ,0.238 ,0.251 ,0.395 ,610,570,450,330
MSOA,E02000884,Tower Hamlets 021,E09000030,Tower Hamlets,0.123 ,0.252 ,0.211 ,0.393 ,940,650,590,380
MSOA,E02000885,Tower Hamlets 022,E09000030,Tower Hamlets,0.179 ,0.261 ,0.293 ,0.424 ,660,620,470,340
MSOA,E02000886,Tower Hamlets 023,E09000030,Tower Hamlets,0.119 ,0.254 ,0.233 ,0.451 ,930,740,690,470
MSOA,E02000887,Tower Hamlets 024,E09000030,Tower Hamlets,0.115 ,0.270 ,0.226 ,0.425 ,700,630,480,340
MSOA,E02000888,Tower Hamlets 025,E09000030,Tower Hamlets,0.110 ,0.275 ,0.213 ,0.425 ,880,710,620,410
MSOA,E02000889,Tower Hamlets 026,E09000030,Tower Hamlets,0.116 ,0.192 ,0.243 ,0.344 ,1010,710,670,480
MSOA,E02000890,Tower Hamlets 027,E09000030,Tower Hamlets,0.119 ,0.111 ,0.167 ,0.296 ,1370,950,890,730
MSOA,E02000891,Tower Hamlets 028,E09000030,Tower Hamlets,0.131 ,0.256 ,0.232 ,0.448 ,1000,780,680,460
MSOA,E02000893,Tower Hamlets 030,E09000030,Tower Hamlets,0.079 ,0.272 ,0.158 ,0.405 ,870,660,590,450
MSOA,E02000894,Tower Hamlets 031,E09000030,Tower Hamlets,0.080 ,0.263 ,0.194 ,0.368 ,1170,840,740,560
MSOA,E02006853,Tower Hamlets 032,E09000030,Tower Hamlets,0.102 ,0.287 ,0.212 ,0.426 ,890,700,620,450
MSOA,E02006854,Tower Hamlets 033,E09000030,Tower Hamlets,0.081 ,0.177 ,0.243 ,0.354 ,1360,920,860,630
MSOA,E02000895,Waltham Forest 001,E09000031,Waltham Forest,0.104 ,0.205 ,0.208 ,0.368 ,760,610,570,490
MSOA,E02000896,Waltham Forest 002,E09000031,Waltham Forest,0.075 ,0.163 ,0.185 ,0.282 ,980,720,690,590
MSOA,E02000897,Waltham Forest 003,E09000031,Waltham Forest,0.087 ,0.186 ,0.222 ,0.338 ,780,600,580,500
MSOA,E02000898,Waltham Forest 004,E09000031,Waltham Forest,0.105 ,0.159 ,0.197 ,0.322 ,810,620,580,510
MSOA,E02000899,Waltham Forest 005,E09000031,Waltham Forest,0.110 ,0.220 ,0.252 ,0.346 ,800,620,570,510
MSOA,E02000900,Waltham Forest 006,E09000031,Waltham Forest,0.113 ,0.266 ,0.220 ,0.432 ,820,630,570,480
MSOA,E02000901,Waltham Forest 007,E09000031,Waltham Forest,0.058 ,0.177 ,0.162 ,0.277 ,1010,720,670,590
MSOA,E02000902,Waltham Forest 008,E09000031,Waltham Forest,0.088 ,0.258 ,0.224 ,0.423 ,830,650,590,500
MSOA,E02000903,Waltham Forest 009,E09000031,Waltham Forest,0.119 ,0.264 ,0.247 ,0.397 ,760,580,520,420
MSOA,E02000904,Waltham Forest 010,E09000031,Waltham Forest,0.110 ,0.188 ,0.242 ,0.337 ,880,630,590,500
MSOA,E02000905,Waltham Forest 011,E09000031,Waltham Forest,0.106 ,0.239 ,0.215 ,0.376 ,810,610,550,450
MSOA,E02000906,Waltham Forest 012,E09000031,Waltham Forest,0.091 ,0.240 ,0.233 ,0.395 ,790,600,550,440
MSOA,E02000907,Waltham Forest 013,E09000031,Waltham Forest,0.126 ,0.279 ,0.240 ,0.433 ,620,550,490,380
MSOA,E02000908,Waltham Forest 014,E09000031,Waltham Forest,0.094 ,0.237 ,0.212 ,0.402 ,800,600,560,430
MSOA,E02000909,Waltham Forest 015,E09000031,Waltham Forest,0.093 ,0.216 ,0.221 ,0.380 ,890,660,610,510
MSOA,E02000910,Waltham Forest 016,E09000031,Waltham Forest,0.104 ,0.231 ,0.199 ,0.378 ,840,630,570,430
MSOA,E02000911,Waltham Forest 017,E09000031,Waltham Forest,0.132 ,0.248 ,0.243 ,0.401 ,790,590,560,410
MSOA,E02000912,Waltham Forest 018,E09000031,Waltham Forest,0.081 ,0.263 ,0.182 ,0.407 ,830,600,540,450
MSOA,E02000913,Waltham Forest 019,E09000031,Waltham Forest,0.079 ,0.218 ,0.183 ,0.357 ,850,640,580,480
MSOA,E02000914,Waltham Forest 020,E09000031,Waltham Forest,0.117 ,0.272 ,0.225 ,0.425 ,700,580,510,370
MSOA,E02000915,Waltham Forest 021,E09000031,Waltham Forest,0.078 ,0.177 ,0.163 ,0.323 ,950,710,670,520
MSOA,E02000916,Waltham Forest 022,E09000031,Waltham Forest,0.125 ,0.216 ,0.266 ,0.384 ,750,590,540,420
MSOA,E02000917,Waltham Forest 023,E09000031,Waltham Forest,0.143 ,0.238 ,0.247 ,0.395 ,840,630,580,450
MSOA,E02000918,Waltham Forest 024,E09000031,Waltham Forest,0.113 ,0.209 ,0.215 ,0.368 ,820,630,580,450
MSOA,E02000919,Waltham Forest 025,E09000031,Waltham Forest,0.116 ,0.320 ,0.225 ,0.465 ,970,660,630,490
MSOA,E02000920,Waltham Forest 026,E09000031,Waltham Forest,0.129 ,0.239 ,0.239 ,0.399 ,780,590,550,420
MSOA,E02000921,Waltham Forest 027,E09000031,Waltham Forest,0.114 ,0.252 ,0.229 ,0.377 ,730,570,510,390
MSOA,E02000922,Waltham Forest 028,E09000031,Waltham Forest,0.110 ,0.234 ,0.216 ,0.381 ,790,560,550,440
MSOA,E02000923,Wandsworth 001,E09000032,Wandsworth, ,0.256 ,0.135 ,0.439 ,1180,900,860,690
MSOA,E02000924,Wandsworth 002,E09000032,Wandsworth,0.119 ,0.258 ,0.288 ,0.391 ,910,740,690,490
MSOA,E02000925,Wandsworth 003,E09000032,Wandsworth,0.119 ,0.252 ,0.285 ,0.387 ,840,670,640,450
MSOA,E02000926,Wandsworth 004,E09000032,Wandsworth,0.160 ,0.270 ,0.264 ,0.374 ,1160,840,860,650
MSOA,E02000927,Wandsworth 005,E09000032,Wandsworth,0.114 ,0.267 ,0.311 ,0.356 ,1090,730,750,600
MSOA,E02000928,Wandsworth 006,E09000032,Wandsworth,0.058 ,0.146 ,0.147 ,0.228 ,1470,1020,920,750
MSOA,E02000929,Wandsworth 007,E09000032,Wandsworth,0.138 ,0.265 ,0.275 ,0.429 ,710,620,560,420
MSOA,E02000930,Wandsworth 008,E09000032,Wandsworth,0.105 ,0.222 ,0.224 ,0.370 ,1400,870,810,710
MSOA,E02000931,Wandsworth 009,E09000032,Wandsworth,0.024 ,0.140 ,0.065 ,0.291 ,1710,1010,850,770
MSOA,E02000932,Wandsworth 010,E09000032,Wandsworth, ,0.141 ,0.083 ,0.256 ,1650,1100,930,870
MSOA,E02000933,Wandsworth 011,E09000032,Wandsworth,0.064 ,0.191 ,0.177 ,0.322 ,1310,910,840,750
MSOA,E02000934,Wandsworth 012,E09000032,Wandsworth,0.085 ,0.195 ,0.256 ,0.341 ,1360,890,860,780
MSOA,E02000935,Wandsworth 013,E09000032,Wandsworth,0.123 ,0.245 ,0.270 ,0.378 ,740,640,590,390
MSOA,E02000936,Wandsworth 014,E09000032,Wandsworth,0.108 ,0.192 ,0.217 ,0.413 ,1300,870,850,730
MSOA,E02000937,Wandsworth 015,E09000032,Wandsworth,0.042 ,0.098 ,0.165 ,0.250 ,1510,970,830,760
MSOA,E02000938,Wandsworth 016,E09000032,Wandsworth,0.143 ,0.215 ,0.276 ,0.361 ,860,660,680,490
MSOA,E02000939,Wandsworth 017,E09000032,Wandsworth,0.040 ,0.058 ,0.209 ,0.198 ,1460,940,760,760
MSOA,E02000940,Wandsworth 018,E09000032,Wandsworth,0.122 ,0.242 ,0.241 ,0.361 ,940,730,660,520
MSOA,E02000941,Wandsworth 019,E09000032,Wandsworth,0.078 ,0.140 ,0.204 ,0.350 ,1320,900,830,690
MSOA,E02000942,Wandsworth 020,E09000032,Wandsworth,0.047 ,0.079 ,0.155 ,0.183 ,1460,950,840,790
MSOA,E02000943,Wandsworth 021,E09000032,Wandsworth,0.039 ,0.232 ,0.129 ,0.316 ,1490,950,880,760
MSOA,E02000944,Wandsworth 022,E09000032,Wandsworth,0.116 ,0.242 ,0.244 ,0.399 ,930,710,670,490
MSOA,E02000945,Wandsworth 023,E09000032,Wandsworth,0.108 ,0.198 ,0.241 ,0.382 ,780,620,590,410
MSOA,E02000946,Wandsworth 024,E09000032,Wandsworth,0.106 ,0.247 ,0.217 ,0.411 ,1130,830,790,650
MSOA,E02000947,Wandsworth 025,E09000032,Wandsworth,0.037 ,0.121 ,0.157 ,0.241 ,1440,940,830,780
MSOA,E02000948,Wandsworth 026,E09000032,Wandsworth,0.079 ,0.164 ,0.183 ,0.300 ,1330,900,790,690
MSOA,E02000949,Wandsworth 027,E09000032,Wandsworth,0.041 ,0.170 ,0.130 ,0.245 ,1490,930,850,770
MSOA,E02000950,Wandsworth 028,E09000032,Wandsworth,0.077 ,0.200 ,0.175 ,0.327 ,1140,840,820,670
MSOA,E02000951,Wandsworth 029,E09000032,Wandsworth,0.070 ,0.174 ,0.183 ,0.312 ,1180,780,820,630
MSOA,E02000952,Wandsworth 030,E09000032,Wandsworth,0.095 ,0.200 ,0.190 ,0.341 ,1160,810,750,600
MSOA,E02000953,Wandsworth 031,E09000032,Wandsworth,0.097 ,0.228 ,0.217 ,0.348 ,1270,860,800,630
MSOA,E02000954,Wandsworth 032,E09000032,Wandsworth,0.127 ,0.205 ,0.212 ,0.380 ,1130,730,710,600
MSOA,E02000955,Wandsworth 033,E09000032,Wandsworth,0.081 ,0.222 ,0.192 ,0.409 ,830,590,550,460
MSOA,E02000956,Wandsworth 034,E09000032,Wandsworth,0.117 ,0.222 ,0.275 ,0.383 ,880,660,590,440
MSOA,E02000957,Wandsworth 035,E09000032,Wandsworth,0.110 ,0.197 ,0.228 ,0.344 ,940,690,620,490
MSOA,E02000958,Wandsworth 036,E09000032,Wandsworth,0.081 ,0.164 ,0.181 ,0.302 ,1010,700,650,550
MSOA,E02000959,Wandsworth 037,E09000032,Wandsworth,0.123 ,0.230 ,0.276 ,0.387 ,840,650,600,480
MSOA,E02000960,Westminster 001,E09000033,Westminster, ,0.157 ,0.164 ,0.235 ,1100,840,900,660
MSOA,E02000961,Westminster 002,E09000033,Westminster,0.096 ,0.209 ,0.230 ,0.350 ,1070,830,860,610
MSOA,E02000962,Westminster 003,E09000033,Westminster,0.080 ,0.243 ,0.196 ,0.369 ,870,690,740,530
MSOA,E02000963,Westminster 004,E09000033,Westminster,0.117 ,0.281 ,0.267 ,0.415 ,760,670,550,430
MSOA,E02000964,Westminster 005,E09000033,Westminster,0.093 ,0.303 ,0.203 ,0.438 ,770,620,590,420
MSOA,E02000965,Westminster 006,E09000033,Westminster,0.104 ,0.262 ,0.219 ,0.355 ,1180,850,840,630
MSOA,E02000966,Westminster 007,E09000033,Westminster,0.056 ,0.220 ,0.194 ,0.341 ,1270,910,880,700
MSOA,E02000967,Westminster 008,E09000033,Westminster,0.123 ,0.176 ,0.247 ,0.333 ,1240,960,1020,760
MSOA,E02000968,Westminster 009,E09000033,Westminster,0.143 ,0.258 ,0.251 ,0.420 ,670,680,560,380
MSOA,E02000969,Westminster 010,E09000033,Westminster,0.121 ,0.277 ,0.219 ,0.407 ,730,640,570,390
MSOA,E02000970,Westminster 011,E09000033,Westminster, , ,0.138 , ,1290,1170,1110,840
MSOA,E02000971,Westminster 012,E09000033,Westminster,0.113 ,0.397 ,0.250 ,0.492 ,1120,830,940,620
MSOA,E02000972,Westminster 013,E09000033,Westminster,0.101 ,0.246 ,0.232 ,0.393 ,1080,760,880,600
MSOA,E02000973,Westminster 014,E09000033,Westminster,0.090 ,0.240 ,0.180 ,0.337 ,1110,790,820,610
MSOA,E02000974,Westminster 015,E09000033,Westminster,0.125 ,0.225 ,0.250 ,0.363 ,980,760,910,590
MSOA,E02000975,Westminster 016,E09000033,Westminster, , , , ,1240,910,890,680
MSOA,E02000976,Westminster 017,E09000033,Westminster,0.088 ,0.232 ,0.177 ,0.375 ,1070,790,790,570
MSOA,E02000977,Westminster 018,E09000033,Westminster,0.119 , ,0.220 , ,1080,830,940,640
MSOA,E02000978,Westminster 019,E09000033,Westminster, , , , ,1290,1020,1010,620
MSOA,E02000979,Westminster 020,E09000033,Westminster,0.161 ,0.222 ,0.323 ,0.333 ,1040,830,890,640
MSOA,E02000980,Westminster 021,E09000033,Westminster,0.074 ,0.283 ,0.216 ,0.429 ,890,720,790,560
MSOA,E02000981,Westminster 022,E09000033,Westminster,0.137 ,0.253 ,0.253 ,0.373 ,1210,860,900,690
MSOA,E02000982,Westminster 023,E09000033,Westminster,0.139 ,0.262 ,0.304 ,0.431 ,840,660,760,520
MSOA,E02000983,Westminster 024,E09000033,Westminster,0.147 ,0.281 ,0.295 ,0.389 ,900,680,770,540
